latitude,longitude,brightness,scan,track,acq_date,acq_time,satellite,instrument,confidence,version,bright_t31,frp,daynight
30.41523,73.40621,331.01,0.45,0.47,2024-10-01,0744,N21,VIIRS,l,2.0NRT,303.12,3.15,D
25.54983,68.57316,334.06,0.56,0.68,2024-10-01,0744,N21,VIIRS,n,2.0NRT,301.06,4.49,D
26.0937,68.87952,330.84,0.52,0.67,2024-10-01,0744,N21,VIIRS,l,2.0NRT,303.57,3.92,D
28.70902,71.0717,332.78,0.33,0.55,2024-10-01,0744,N21,VIIRS,l,2.0NRT,304.96,3.66,D
28.97367,70.29515,367,0.36,0.58,2024-10-01,0744,N21,VIIRS,h,2.0NRT,303.6,9.72,D
29.31337,71.31712,330.23,0.62,0.54,2024-10-01,0744,N21,VIIRS,l,2.0NRT,304.85,3.66,D
29.45706,71.68199,335.13,0.59,0.53,2024-10-01,0744,N21,VIIRS,l,2.0NRT,308.92,4.94,D
29.69053,72.45918,340.7,0.52,0.5,2024-10-01,0744,N21,VIIRS,n,2.0NRT,308.95,5.82,D
30.03973,73.27332,342.32,0.46,0.47,2024-10-01,0744,N21,VIIRS,n,2.0NRT,303.71,8.26,D
30.03717,73.27161,340.22,0.46,0.47,2024-10-01,0744,N21,VIIRS,n,2.0NRT,303.55,8.63,D
25.54373,68.57494,367,0.56,0.68,2024-10-01,0744,N21,VIIRS,h,2.0NRT,301.4,11.48,D
30.12706,73.505,341.29,0.45,0.47,2024-10-01,0744,N21,VIIRS,n,2.0NRT,303.26,6.62,D
30.12611,73.50048,332.24,0.45,0.47,2024-10-01,0744,N21,VIIRS,n,2.0NRT,301.64,6.62,D
30.13125,73.50387,342.88,0.45,0.47,2024-10-01,0744,N21,VIIRS,n,2.0NRT,302.73,14.22,D
30.20244,73.48451,346.98,0.45,0.47,2024-10-01,0744,N21,VIIRS,n,2.0NRT,310.44,22.52,D
30.20151,73.47999,342.45,0.45,0.47,2024-10-01,0744,N21,VIIRS,n,2.0NRT,303.7,22.52,D
30.20238,73.48526,343.31,0.45,0.47,2024-10-01,0744,N21,VIIRS,n,2.0NRT,308.45,22.18,D
30.20142,73.48074,336.75,0.45,0.47,2024-10-01,0744,N21,VIIRS,n,2.0NRT,303.98,22.18,D
30.20045,73.47621,333.53,0.45,0.47,2024-10-01,0744,N21,VIIRS,n,2.0NRT,302.48,3.32,D
30.33742,73.60493,342.45,0.44,0.46,2024-10-01,0744,N21,VIIRS,n,2.0NRT,306.68,8.31,D
30.33725,73.6011,342.28,0.44,0.46,2024-10-01,0744,N21,VIIRS,n,2.0NRT,305.78,5.83,D
30.35259,73.65301,334.54,0.43,0.46,2024-10-01,0744,N21,VIIRS,n,2.0NRT,305,3.65,D
30.38747,73.7362,341.17,0.43,0.46,2024-10-01,0744,N21,VIIRS,n,2.0NRT,303.81,4.47,D
30.37736,73.6043,332.42,0.44,0.46,2024-10-01,0744,N21,VIIRS,l,2.0NRT,304.12,4.59,D
30.36059,73.52415,352.38,0.44,0.46,2024-10-01,0744,N21,VIIRS,n,2.0NRT,305.42,18.42,D
29.89894,71.41597,331.9,0.6,0.53,2024-10-01,0744,N21,VIIRS,l,2.0NRT,305.5,7.59,D
30.40224,73.55532,330.54,0.44,0.46,2024-10-01,0744,N21,VIIRS,l,2.0NRT,302.5,4.65,D
30.48318,73.92831,367,0.42,0.45,2024-10-01,0744,N21,VIIRS,h,2.0NRT,307.67,14.61,D
30.40639,73.55419,332.13,0.44,0.46,2024-10-01,0744,N21,VIIRS,l,2.0NRT,304.09,5.03,D
30.39154,73.4825,340.65,0.44,0.46,2024-10-01,0744,N21,VIIRS,n,2.0NRT,303.51,6.75,D
30.46017,73.79445,342.52,0.42,0.46,2024-10-01,0744,N21,VIIRS,n,2.0NRT,306.27,16.43,D
29.96508,71.48565,345.1,0.59,0.53,2024-10-01,0744,N21,VIIRS,n,2.0NRT,307.8,17.26,D
29.96979,71.48428,340.87,0.59,0.53,2024-10-01,0744,N21,VIIRS,n,2.0NRT,306.17,12.3,D
30.49426,73.89842,332.84,0.42,0.45,2024-10-01,0744,N21,VIIRS,l,2.0NRT,306.24,2.73,D
30.47712,73.77161,334.32,0.43,0.46,2024-10-01,0744,N21,VIIRS,n,2.0NRT,302.18,3.87,D
30.47537,73.77354,335.68,0.43,0.46,2024-10-01,0744,N21,VIIRS,n,2.0NRT,301.84,4.33,D
29.97099,71.48878,339.46,0.59,0.53,2024-10-01,0744,N21,VIIRS,n,2.0NRT,303.88,20.46,D
30.53265,73.96538,337.06,0.41,0.45,2024-10-01,0744,N21,VIIRS,n,2.0NRT,303,4.74,D
25.54508,68.58025,332.18,0.56,0.68,2024-10-01,0744,N21,VIIRS,n,2.0NRT,300.47,11.48,D
30.50699,73.61282,339.42,0.43,0.46,2024-10-01,0744,N21,VIIRS,n,2.0NRT,302.44,4.71,D
30.53002,73.55512,333.18,0.44,0.46,2024-10-01,0744,N21,VIIRS,l,2.0NRT,305.15,3.59,D
30.52452,73.52841,339.96,0.44,0.46,2024-10-01,0744,N21,VIIRS,n,2.0NRT,303.79,4.95,D
30.52867,73.52728,336.53,0.44,0.46,2024-10-01,0744,N21,VIIRS,n,2.0NRT,303.1,2.86,D
30.59854,73.73183,333.09,0.43,0.46,2024-10-01,0744,N21,VIIRS,n,2.0NRT,302.54,6.08,D
30.6305,73.82311,339.96,0.42,0.45,2024-10-01,0744,N21,VIIRS,n,2.0NRT,302.57,3.84,D
30.55052,73.39904,340.17,0.44,0.46,2024-10-01,0744,N21,VIIRS,n,2.0NRT,303.91,6.16,D
30.71477,74.17095,340.45,0.4,0.44,2024-10-01,0744,N21,VIIRS,n,2.0NRT,302.94,4.67,D
30.68795,73.97736,334.38,0.41,0.45,2024-10-01,0744,N21,VIIRS,n,2.0NRT,302.15,5.57,D
30.63671,73.55975,330,0.43,0.46,2024-10-01,0744,N21,VIIRS,l,2.0NRT,304.08,2.27,D
30.79205,74.05051,341.77,0.41,0.45,2024-10-01,0744,N21,VIIRS,n,2.0NRT,303.52,8.32,D
30.6389,72.90502,330.4,0.47,0.48,2024-10-01,0744,N21,VIIRS,l,2.0NRT,304.94,2.83,D
30.197,70.63335,349.63,0.33,0.55,2024-10-01,0744,N21,VIIRS,n,2.0NRT,304.81,5.24,D
31.01784,74.37486,334.03,0.39,0.44,2024-10-01,0744,N21,VIIRS,n,2.0NRT,303.26,3.09,D
31.04684,74.39624,337.29,0.38,0.44,2024-10-01,0744,N21,VIIRS,n,2.0NRT,302.17,4.8,D
31.02327,74.27705,334.46,0.39,0.44,2024-10-01,0744,N21,VIIRS,n,2.0NRT,303.64,3.36,D
31.0145,74.2329,341.53,0.39,0.44,2024-10-01,0744,N21,VIIRS,n,2.0NRT,304.13,6.56,D
31.04567,74.39616,339.47,0.38,0.44,2024-10-01,0744,N21,VIIRS,n,2.0NRT,302.26,5.18,D
31.02137,74.27727,333.96,0.39,0.44,2024-10-01,0744,N21,VIIRS,n,2.0NRT,303.19,3.44,D
31.01233,74.23323,341.29,0.39,0.44,2024-10-01,0744,N21,VIIRS,n,2.0NRT,304.15,6.24,D
31.09538,74.62117,330.65,0.56,0.43,2024-10-01,0744,N21,VIIRS,l,2.0NRT,303.26,2.6,D
31.05342,74.37334,335.97,0.39,0.44,2024-10-01,0744,N21,VIIRS,n,2.0NRT,302.11,5.51,D
31.02321,74.20486,346.55,0.39,0.44,2024-10-01,0744,N21,VIIRS,n,2.0NRT,304.26,8.06,D
31.09111,74.51888,334.22,0.57,0.43,2024-10-01,0744,N21,VIIRS,n,2.0NRT,299.76,4.94,D
31.07969,74.44191,333.64,0.57,0.43,2024-10-01,0744,N21,VIIRS,n,2.0NRT,303.43,5.96,D
31.03329,74.17236,337.14,0.4,0.44,2024-10-01,0744,N21,VIIRS,n,2.0NRT,303.55,3.61,D
30.71707,71.97458,339.94,0.53,0.5,2024-10-01,0744,N21,VIIRS,n,2.0NRT,303.97,7.28,D
31.28658,74.04535,333.21,0.4,0.44,2024-10-01,0744,N21,VIIRS,n,2.0NRT,304.29,1.27,D
31.53969,74.12589,330.31,0.39,0.44,2024-10-01,0744,N21,VIIRS,l,2.0NRT,303.11,4.3,D
31.54116,74.12228,332.02,0.39,0.44,2024-10-01,0744,N21,VIIRS,n,2.0NRT,302.81,2.99,D
31.73975,74.33339,330.28,0.56,0.43,2024-10-01,0744,N21,VIIRS,n,2.0NRT,303.26,3.73,D
31.40423,72.33855,340.33,0.49,0.49,2024-10-01,0744,N21,VIIRS,n,2.0NRT,305.86,3.3,D
31.40858,72.33729,343.86,0.49,0.49,2024-10-01,0744,N21,VIIRS,n,2.0NRT,307.66,5.95,D
31.83534,74.34222,332.78,0.56,0.43,2024-10-01,0744,N21,VIIRS,n,2.0NRT,303.26,4.36,D
31.86085,74.40845,336.48,0.56,0.43,2024-10-01,0744,N21,VIIRS,n,2.0NRT,302.95,6.72,D
31.86243,74.27349,332.55,0.57,0.43,2024-10-01,0744,N21,VIIRS,n,2.0NRT,303.17,4.07,D
31.86632,74.27244,330.75,0.57,0.43,2024-10-01,0744,N21,VIIRS,l,2.0NRT,302.97,3.34,D
31.92619,74.34824,331.57,0.56,0.43,2024-10-01,0744,N21,VIIRS,n,2.0NRT,303.36,3.9,D
31.92621,74.34669,330.23,0.56,0.43,2024-10-01,0744,N21,VIIRS,l,2.0NRT,304.13,4.41,D
31.89871,74.15056,344.23,0.57,0.43,2024-10-01,0744,N21,VIIRS,n,2.0NRT,304.62,18.56,D
31.92565,73.87328,348.71,0.39,0.44,2024-10-01,0744,N21,VIIRS,n,2.0NRT,306.48,14.08,D
31.68216,72.53485,334.07,0.47,0.48,2024-10-01,0744,N21,VIIRS,n,2.0NRT,303.37,3.11,D
31.68644,72.53362,340.02,0.47,0.48,2024-10-01,0744,N21,VIIRS,n,2.0NRT,302.38,3.11,D
31.82515,73.07787,340.19,0.44,0.46,2024-10-01,0744,N21,VIIRS,n,2.0NRT,303.61,12.32,D
31.9709,73.59403,337.46,0.41,0.45,2024-10-01,0744,N21,VIIRS,n,2.0NRT,306.05,4.63,D
32.47784,74.24686,333.15,0.55,0.43,2024-10-01,0744,N21,VIIRS,l,2.0NRT,305.71,4.93,D
25.54527,68.57639,367,0.56,0.69,2024-10-01,0744,N21,VIIRS,h,2.0NRT,302.57,25.51,D
34.96813,73.13638,326.31,0.57,0.43,2024-10-01,0746,N21,VIIRS,n,2.0NRT,295.49,64.53,D
34.95997,73.13651,331.64,0.57,0.43,2024-10-01,0746,N21,VIIRS,n,2.0NRT,299.53,10.87,D
33.26704,71.30824,345.24,0.51,0.49,2024-10-01,0746,N21,VIIRS,n,2.0NRT,314.15,23.02,D
33.26996,71.31103,344.16,0.51,0.49,2024-10-01,0746,N21,VIIRS,l,2.0NRT,314.42,31.22,D
26.86623,67.60825,342.87,0.47,0.64,2024-10-01,0924,N21,VIIRS,n,2.0NRT,305.48,5.8,D
26.09559,68.87943,335.73,0.56,0.68,2024-10-01,0924,N21,VIIRS,n,2.0NRT,304.07,5.7,D
25.77357,66.57024,337.31,0.39,0.6,2024-10-01,0924,N21,VIIRS,n,2.0NRT,302.71,2.85,D
26.09281,68.88047,332.15,0.56,0.69,2024-10-01,0924,N21,VIIRS,l,2.0NRT,304.55,3.83,D
27.18232,68.14583,344.38,0.51,0.66,2024-10-01,0924,N21,VIIRS,n,2.0NRT,306.84,12.16,D
35.61459,73.64603,296.67,0.45,0.63,2024-10-01,2006,N21,VIIRS,n,2.0NRT,285.08,0.74,N
34.71249,73.04693,312.46,0.48,0.65,2024-10-01,2008,N21,VIIRS,n,2.0NRT,287.36,1.56,N
33.85587,72.861,303.54,0.48,0.65,2024-10-01,2008,N21,VIIRS,n,2.0NRT,292.98,1.7,N
33.85837,72.86234,303.29,0.48,0.65,2024-10-01,2008,N21,VIIRS,n,2.0NRT,291.98,1.16,N
33.68932,72.71187,304.56,0.49,0.65,2024-10-01,2008,N21,VIIRS,n,2.0NRT,293.53,1.3,N
33.1403,73.15291,304.77,0.46,0.63,2024-10-01,2008,N21,VIIRS,n,2.0NRT,292.46,0.8,N
32.08798,74.16408,309.64,0.39,0.59,2024-10-01,2008,N21,VIIRS,n,2.0NRT,296.92,2.35,N
34.71613,73.05152,302.92,0.48,0.65,2024-10-01,2008,N21,VIIRS,n,2.0NRT,285.7,1.34,N
25.79581,68.69476,306.82,0.74,0.76,2024-10-01,2010,N21,VIIRS,n,2.0NRT,296.61,1.59,N
35.61282,73.63886,303.19,0.45,0.63,2024-10-01,2146,N21,VIIRS,n,2.0NRT,283.71,2.03,N
35.61855,73.64027,309.66,0.45,0.63,2024-10-01,2146,N21,VIIRS,n,2.0NRT,285.04,2.03,N
35.61432,73.64335,297.61,0.45,0.63,2024-10-01,2146,N21,VIIRS,n,2.0NRT,283.67,1.41,N
35.61535,73.63957,315.11,0.45,0.63,2024-10-01,2146,N21,VIIRS,n,2.0NRT,284.42,3.85,N
35.71258,73.6625,296,0.45,0.63,2024-10-01,2146,N21,VIIRS,n,2.0NRT,281.45,0.63,N
35.2731,73.09698,310.97,0.43,0.62,2024-10-01,2148,N21,VIIRS,n,2.0NRT,282.64,1.92,N
33.40624,71.93866,311.28,0.41,0.61,2024-10-01,2148,N21,VIIRS,n,2.0NRT,294.38,0.84,N
32.29288,70.73151,312.67,0.37,0.58,2024-10-01,2148,N21,VIIRS,n,2.0NRT,299.03,2.44,N
32.88951,71.61854,312.99,0.41,0.6,2024-10-01,2148,N21,VIIRS,n,2.0NRT,297.4,2.2,N
32.88581,71.6141,308.38,0.41,0.6,2024-10-01,2148,N21,VIIRS,n,2.0NRT,297.21,3.17,N
25.79677,68.6986,311.76,0.4,0.6,2024-10-01,2150,N21,VIIRS,n,2.0NRT,296.15,1.32,N
25.15626,67.70353,310.02,0.36,0.57,2024-10-01,2150,N21,VIIRS,n,2.0NRT,296.12,1.41,N
30.86426,70.71772,339.37,0.59,0.7,2024-10-02,0726,N21,VIIRS,n,2.0NRT,308.71,5.91,D
31.82102,72.99771,341.43,0.41,0.61,2024-10-02,0726,N21,VIIRS,n,2.0NRT,301.58,5.48,D
31.82048,72.99448,341.09,0.41,0.61,2024-10-02,0726,N21,VIIRS,n,2.0NRT,300.72,5.46,D
31.38206,71.00949,333.76,0.55,0.68,2024-10-02,0726,N21,VIIRS,l,2.0NRT,308.51,4.19,D
32.61589,74.41271,332.5,0.33,0.55,2024-10-02,0726,N21,VIIRS,n,2.0NRT,300.81,1.97,D
35.27355,73.09419,367,0.34,0.56,2024-10-02,0726,N21,VIIRS,h,2.0NRT,298.99,16.36,D
35.27279,73.09109,367,0.34,0.56,2024-10-02,0726,N21,VIIRS,h,2.0NRT,306.72,16.36,D
35.27435,73.09743,344.75,0.34,0.56,2024-10-02,0726,N21,VIIRS,n,2.0NRT,294.65,7.05,D
32.08653,74.8288,332.69,0.32,0.54,2024-10-02,0726,N21,VIIRS,n,2.0NRT,300.89,1.63,D
29.88881,72.22083,334.97,0.51,0.66,2024-10-02,0726,N21,VIIRS,n,2.0NRT,306.95,4.21,D
29.89468,72.21889,336.62,0.51,0.66,2024-10-02,0726,N21,VIIRS,n,2.0NRT,305.58,3.89,D
30.30884,73.42036,339.76,0.42,0.61,2024-10-02,0726,N21,VIIRS,n,2.0NRT,302.47,2.95,D
30.37869,73.60551,335.66,0.41,0.61,2024-10-02,0726,N21,VIIRS,n,2.0NRT,304.49,3.94,D
30.45181,73.78409,367,0.4,0.6,2024-10-02,0726,N21,VIIRS,h,2.0NRT,302.98,9.99,D
30.40831,73.56036,338.61,0.41,0.61,2024-10-02,0726,N21,VIIRS,n,2.0NRT,302.13,3.37,D
30.45477,73.67847,331.98,0.41,0.6,2024-10-02,0726,N21,VIIRS,l,2.0NRT,305.06,4.74,D
30.3833,73.32202,336.01,0.43,0.62,2024-10-02,0726,N21,VIIRS,n,2.0NRT,304.25,3.35,D
30.48766,73.66686,336.45,0.41,0.6,2024-10-02,0726,N21,VIIRS,n,2.0NRT,302.37,3.07,D
30.44894,73.46545,332.82,0.42,0.61,2024-10-02,0726,N21,VIIRS,n,2.0NRT,303.44,3.81,D
30.44886,73.32391,335.18,0.43,0.62,2024-10-02,0726,N21,VIIRS,n,2.0NRT,304.55,3.82,D
30.5958,73.89551,340.7,0.39,0.59,2024-10-02,0726,N21,VIIRS,n,2.0NRT,301.27,4.3,D
30.54927,73.68214,344.31,0.4,0.6,2024-10-02,0726,N21,VIIRS,n,2.0NRT,304.77,6.62,D
30.59835,73.89599,343.78,0.39,0.59,2024-10-02,0726,N21,VIIRS,n,2.0NRT,301.24,4.89,D
30.67002,73.97831,339.58,0.39,0.59,2024-10-02,0726,N21,VIIRS,n,2.0NRT,302.25,3.89,D
30.52397,72.93295,336.65,0.45,0.63,2024-10-02,0726,N21,VIIRS,n,2.0NRT,303.37,4.52,D
30.7689,73.66821,332.2,0.4,0.6,2024-10-02,0726,N21,VIIRS,n,2.0NRT,301.7,4.35,D
30.97625,74.36736,330.2,0.36,0.57,2024-10-02,0726,N21,VIIRS,l,2.0NRT,304.42,1.95,D
30.90635,74.08234,344.6,0.38,0.58,2024-10-02,0726,N21,VIIRS,n,2.0NRT,303.04,4.28,D
31.09138,74.51808,341.15,0.35,0.57,2024-10-02,0726,N21,VIIRS,n,2.0NRT,304.5,3.99,D
31.37561,74.52919,333.69,0.34,0.56,2024-10-02,0726,N21,VIIRS,n,2.0NRT,302.23,1.19,D
31.45827,74.56883,337.72,0.34,0.56,2024-10-02,0726,N21,VIIRS,n,2.0NRT,303.08,3.29,D
31.4716,74.5572,350.02,0.34,0.56,2024-10-02,0726,N21,VIIRS,n,2.0NRT,303.38,5.1,D
31.39048,74.1331,339.59,0.36,0.58,2024-10-02,0726,N21,VIIRS,n,2.0NRT,302.52,3,D
31.01813,72.31487,345.74,0.47,0.64,2024-10-02,0726,N21,VIIRS,n,2.0NRT,303.79,4.88,D
31.6798,74.23058,338.51,0.35,0.57,2024-10-02,0726,N21,VIIRS,n,2.0NRT,302.38,3.74,D
35.27199,73.08788,333.56,0.34,0.56,2024-10-02,0726,N21,VIIRS,n,2.0NRT,300.12,10.18,D
31.67894,74.22698,335.82,0.35,0.57,2024-10-02,0726,N21,VIIRS,n,2.0NRT,301.8,3.74,D
31.68125,74.22816,330.26,0.35,0.57,2024-10-02,0726,N21,VIIRS,l,2.0NRT,301.85,4.16,D
30.8129,73.35902,335.02,0.59,0.7,2024-10-02,0905,N21,VIIRS,n,2.0NRT,299.75,11.37,D
29.89597,71.99503,367,0.48,0.65,2024-10-02,0905,N21,VIIRS,h,2.0NRT,310.3,15.9,D
29.95078,69.31947,346.62,0.33,0.55,2024-10-02,0905,N21,VIIRS,n,2.0NRT,310.79,3.57,D
29.94967,69.31938,337.46,0.33,0.55,2024-10-02,0905,N21,VIIRS,l,2.0NRT,310.31,3.35,D
30.38918,73.37739,367,0.59,0.7,2024-10-02,0905,N21,VIIRS,h,2.0NRT,306.17,30.94,D
25.05101,67.49554,333.38,0.44,0.46,2024-10-02,0905,N21,VIIRS,l,2.0NRT,308.18,3.92,D
30.39625,73.38915,331.09,0.59,0.7,2024-10-02,0905,N21,VIIRS,l,2.0NRT,303.72,10.55,D
25.80024,70.16158,343.03,0.33,0.55,2024-10-02,0905,N21,VIIRS,n,2.0NRT,311.19,3.42,D
30.13081,69.11733,344.07,0.32,0.55,2024-10-02,0905,N21,VIIRS,n,2.0NRT,313.38,2.66,D
26.18199,68.85128,334.44,0.55,0.51,2024-10-02,0905,N21,VIIRS,l,2.0NRT,307.2,3.44,D
25.7376,62.63562,350.35,0.4,0.37,2024-10-02,0905,N21,VIIRS,n,2.0NRT,316.44,10.05,D
30.54955,73.70728,367,0.62,0.71,2024-10-02,0905,N21,VIIRS,h,2.0NRT,303.23,34.52,D
30.54922,73.70086,350.2,0.61,0.71,2024-10-02,0905,N21,VIIRS,n,2.0NRT,300.53,28.05,D
30.54865,73.7054,367,0.62,0.71,2024-10-02,0905,N21,VIIRS,h,2.0NRT,304.67,45.06,D
30.57916,73.94592,330.93,0.64,0.72,2024-10-02,0905,N21,VIIRS,n,2.0NRT,300.53,5.88,D
30.72803,74.05013,340.12,0.65,0.73,2024-10-02,0905,N21,VIIRS,n,2.0NRT,300.31,7.39,D
30.70736,73.60381,336.65,0.61,0.71,2024-10-02,0905,N21,VIIRS,n,2.0NRT,298.35,5.78,D
30.81321,73.3652,330.12,0.59,0.7,2024-10-02,0905,N21,VIIRS,l,2.0NRT,300.47,10.3,D
30.81026,70.18574,337.99,0.38,0.59,2024-10-02,0905,N21,VIIRS,n,2.0NRT,305.97,1.89,D
31.06471,74.29315,333.8,0.67,0.74,2024-10-02,0905,N21,VIIRS,n,2.0NRT,300.9,7.41,D
31.64154,72.75153,334.99,0.55,0.68,2024-10-02,0905,N21,VIIRS,n,2.0NRT,298.78,7.92,D
33.47252,70.62075,338.46,0.43,0.62,2024-10-02,0905,N21,VIIRS,l,2.0NRT,308.93,4.62,D
33.47803,70.61771,336.64,0.43,0.62,2024-10-02,0905,N21,VIIRS,l,2.0NRT,307.2,3.78,D
35.16116,73.17966,348.33,0.63,0.72,2024-10-02,0907,N21,VIIRS,n,2.0NRT,293.95,123.82,D
27.95116,69.00027,340.48,0.59,0.53,2024-10-02,0907,N21,VIIRS,n,2.0NRT,307.61,7.12,D
29.79115,72.81683,367,0.54,0.68,2024-10-02,0907,N21,VIIRS,h,2.0NRT,309.5,17.66,D
35.16105,73.1765,343.62,0.63,0.72,2024-10-02,0907,N21,VIIRS,n,2.0NRT,314.92,123.82,D
35.66338,73.7529,347.1,0.68,0.74,2024-10-02,0907,N21,VIIRS,n,2.0NRT,299.97,18.11,D
35.16093,73.17307,335.39,0.63,0.72,2024-10-02,0907,N21,VIIRS,n,2.0NRT,304,128.12,D
35.2696,73.09193,297.97,0.47,0.48,2024-10-02,2127,N21,VIIRS,n,2.0NRT,285.7,1.89,N
35.16047,73.17268,297.25,0.48,0.48,2024-10-02,2127,N21,VIIRS,n,2.0NRT,286.14,1.73,N
35.15963,73.17641,296.15,0.48,0.48,2024-10-02,2127,N21,VIIRS,n,2.0NRT,285.46,2.34,N
33.54676,71.5497,310.75,0.42,0.45,2024-10-02,2127,N21,VIIRS,n,2.0NRT,297.69,1.27,N
33.47271,70.61014,318.64,0.57,0.43,2024-10-02,2127,N21,VIIRS,n,2.0NRT,294.95,3.46,N
33.4724,70.61137,317.57,0.57,0.43,2024-10-02,2127,N21,VIIRS,n,2.0NRT,294.82,2.74,N
35.79268,73.69469,298.16,0.49,0.49,2024-10-02,2127,N21,VIIRS,n,2.0NRT,282.04,1.14,N
35.71191,73.66175,306.36,0.49,0.49,2024-10-02,2127,N21,VIIRS,n,2.0NRT,282.15,1.23,N
35.27227,73.08904,296.73,0.47,0.48,2024-10-02,2127,N21,VIIRS,n,2.0NRT,284.45,1.42,N
35.27077,73.09565,300.73,0.47,0.48,2024-10-02,2127,N21,VIIRS,n,2.0NRT,285.82,1.66,N
35.27398,73.09259,296.28,0.47,0.48,2024-10-02,2127,N21,VIIRS,n,2.0NRT,283.44,1.7,N
32.29362,70.73289,311.01,0.4,0.45,2024-10-02,2129,N21,VIIRS,n,2.0NRT,300.4,2.45,N
30.36884,67.91299,302.4,0.48,0.4,2024-10-02,2129,N21,VIIRS,n,2.0NRT,282.55,1.2,N
30.36719,67.91573,305.19,0.48,0.4,2024-10-02,2129,N21,VIIRS,n,2.0NRT,282.42,0.59,N
30.21535,68.27975,310.94,0.5,0.41,2024-10-02,2129,N21,VIIRS,n,2.0NRT,289.78,1.37,N
28.42485,69.7021,309.48,0.42,0.45,2024-10-02,2129,N21,VIIRS,n,2.0NRT,298.21,2,N
32.88601,71.61623,308.48,0.44,0.46,2024-10-02,2129,N21,VIIRS,n,2.0NRT,298.07,1.71,N
32.05688,74.26575,308.85,0.32,0.55,2024-10-02,2129,N21,VIIRS,n,2.0NRT,296.42,0.83,N
31.655,74.1776,319.75,0.33,0.55,2024-10-02,2129,N21,VIIRS,n,2.0NRT,296.71,2.31,N
25.39977,68.56712,309.77,0.41,0.45,2024-10-02,2131,N21,VIIRS,n,2.0NRT,290.64,2.48,N
30.44049,73.393,330.5,0.79,0.78,2024-10-03,0705,N21,VIIRS,n,2.0NRT,301.43,5.91,D
30.67873,73.92841,333.32,0.73,0.76,2024-10-03,0705,N21,VIIRS,n,2.0NRT,300.15,8.07,D
30.68848,73.70686,343.04,0.75,0.77,2024-10-03,0705,N21,VIIRS,n,2.0NRT,301.22,8.98,D
30.60401,73.97803,330.13,0.73,0.76,2024-10-03,0705,N21,VIIRS,l,2.0NRT,301.73,6.18,D
30.40864,73.61758,332.04,0.77,0.77,2024-10-03,0705,N21,VIIRS,n,2.0NRT,301.87,6.4,D
30.2814,73.4636,344.35,0.79,0.78,2024-10-03,0705,N21,VIIRS,n,2.0NRT,302.49,9.48,D
30.27791,73.46729,337.22,0.79,0.78,2024-10-03,0705,N21,VIIRS,n,2.0NRT,302.28,18.17,D
31.0399,74.20643,336.25,0.69,0.74,2024-10-03,0707,N21,VIIRS,n,2.0NRT,301.68,4.31,D
31.08828,74.30077,331.07,0.68,0.74,2024-10-03,0707,N21,VIIRS,n,2.0NRT,302.27,6.09,D
31.09477,74.29839,335.23,0.68,0.74,2024-10-03,0707,N21,VIIRS,n,2.0NRT,302,6.09,D
31.04304,74.20522,337.96,0.69,0.74,2024-10-03,0707,N21,VIIRS,n,2.0NRT,302.84,8.28,D
31.09197,74.29935,347.26,0.68,0.74,2024-10-03,0707,N21,VIIRS,n,2.0NRT,302.59,11.07,D
30.68948,73.71107,332.53,0.75,0.77,2024-10-03,0707,N21,VIIRS,n,2.0NRT,301.26,12.7,D
30.7259,73.6319,336.52,0.75,0.77,2024-10-03,0707,N21,VIIRS,n,2.0NRT,300.6,6.28,D
30.99528,74.38985,348.7,0.67,0.74,2024-10-03,0707,N21,VIIRS,n,2.0NRT,303,14.67,D
30.99156,74.38804,343.83,0.67,0.74,2024-10-03,0707,N21,VIIRS,n,2.0NRT,302.73,13.68,D
30.75724,74.05693,337.73,0.33,0.56,2024-10-03,0845,N21,VIIRS,n,2.0NRT,306.67,2.53,D
30.77267,74.01766,367,0.33,0.55,2024-10-03,0845,N21,VIIRS,h,2.0NRT,307.78,8.03,D
30.80749,74.1338,351.39,0.34,0.56,2024-10-03,0845,N21,VIIRS,n,2.0NRT,305.19,17.69,D
30.80722,74.13029,349.33,0.34,0.56,2024-10-03,0845,N21,VIIRS,n,2.0NRT,310.15,17.69,D
25.12537,69.49422,336.59,0.47,0.4,2024-10-03,0845,N21,VIIRS,n,2.0NRT,305.28,6.36,D
24.96941,68.16077,337.9,0.42,0.38,2024-10-03,0845,N21,VIIRS,n,2.0NRT,307.4,15.37,D
25.10435,68.33008,331.69,0.42,0.38,2024-10-03,0845,N21,VIIRS,l,2.0NRT,304.66,2.42,D
25.42991,68.55659,335.15,0.44,0.38,2024-10-03,0845,N21,VIIRS,n,2.0NRT,309.74,3.89,D
25.74874,68.91767,334.29,0.45,0.39,2024-10-03,0845,N21,VIIRS,l,2.0NRT,307.78,3.57,D
25.45697,66.64014,337.37,0.39,0.36,2024-10-03,0845,N21,VIIRS,l,2.0NRT,309.1,4.85,D
25.91684,69.09607,343.56,0.46,0.39,2024-10-03,0845,N21,VIIRS,n,2.0NRT,311.55,13.48,D
26.15478,68.96546,334.33,0.46,0.39,2024-10-03,0845,N21,VIIRS,n,2.0NRT,308.67,2.54,D
26.87465,67.61316,367,0.42,0.37,2024-10-03,0845,N21,VIIRS,h,2.0NRT,317.74,17.15,D
28.73808,70.99715,340.2,0.42,0.45,2024-10-03,0845,N21,VIIRS,n,2.0NRT,309.04,12.29,D
29.28967,70.52781,351.64,0.4,0.44,2024-10-03,0845,N21,VIIRS,n,2.0NRT,313.69,6.62,D
29.54571,70.60156,339.11,0.4,0.44,2024-10-03,0845,N21,VIIRS,l,2.0NRT,313.18,3.56,D
29.92938,72.83236,342.27,0.55,0.51,2024-10-03,0845,N21,VIIRS,n,2.0NRT,306.61,7.14,D
29.87209,71.61299,339.89,0.47,0.47,2024-10-03,0845,N21,VIIRS,n,2.0NRT,305.88,4.98,D
30.14504,73.19128,340.1,0.58,0.52,2024-10-03,0845,N21,VIIRS,n,2.0NRT,308.45,5.55,D
30.14452,73.18961,346.05,0.58,0.52,2024-10-03,0845,N21,VIIRS,n,2.0NRT,309.92,8.29,D
30.20921,73.20633,333.65,0.58,0.52,2024-10-03,0845,N21,VIIRS,l,2.0NRT,304.76,6.82,D
30.39024,73.43961,341.11,0.61,0.53,2024-10-03,0845,N21,VIIRS,n,2.0NRT,307.94,17.39,D
30.39281,73.43956,341.76,0.61,0.53,2024-10-03,0845,N21,VIIRS,n,2.0NRT,307.57,14.04,D
30.42827,73.62926,336.37,0.62,0.54,2024-10-03,0845,N21,VIIRS,n,2.0NRT,305.11,7.09,D
30.4375,73.68079,334.76,0.63,0.54,2024-10-03,0845,N21,VIIRS,n,2.0NRT,306.1,4.54,D
30.44194,73.67368,340.15,0.63,0.54,2024-10-03,0845,N21,VIIRS,n,2.0NRT,305.24,4.54,D
30.54417,73.74924,335.65,0.32,0.54,2024-10-03,0845,N21,VIIRS,n,2.0NRT,304.53,4.98,D
30.59667,73.8342,367,0.32,0.55,2024-10-03,0845,N21,VIIRS,h,2.0NRT,310.59,13.38,D
30.61147,73.95213,332.82,0.33,0.55,2024-10-03,0845,N21,VIIRS,n,2.0NRT,303.95,2.28,D
30.59074,73.64268,341.59,0.63,0.54,2024-10-03,0845,N21,VIIRS,n,2.0NRT,305.51,8.9,D
30.63121,74.00533,334.87,0.33,0.55,2024-10-03,0845,N21,VIIRS,l,2.0NRT,306.31,1.83,D
30.61534,73.75462,346.92,0.32,0.54,2024-10-03,0845,N21,VIIRS,n,2.0NRT,308.41,3.62,D
30.55006,72.95624,353.56,0.57,0.52,2024-10-03,0845,N21,VIIRS,n,2.0NRT,309.68,33.83,D
30.55111,72.96027,341.53,0.57,0.52,2024-10-03,0845,N21,VIIRS,n,2.0NRT,304.73,14.1,D
30.5506,72.95435,339.82,0.57,0.52,2024-10-03,0845,N21,VIIRS,n,2.0NRT,306.95,14.1,D
30.63872,73.60297,367,0.63,0.54,2024-10-03,0845,N21,VIIRS,h,2.0NRT,306.22,16.45,D
30.64666,73.51711,346.58,0.62,0.54,2024-10-03,0845,N21,VIIRS,n,2.0NRT,304.61,14.38,D
30.69925,73.97602,345.09,0.33,0.55,2024-10-03,0845,N21,VIIRS,n,2.0NRT,305.84,4.77,D
30.69457,73.91782,343.76,0.33,0.55,2024-10-03,0845,N21,VIIRS,n,2.0NRT,305.03,4.82,D
30.6888,73.84659,343.21,0.32,0.55,2024-10-03,0845,N21,VIIRS,n,2.0NRT,304.59,4.01,D
30.68853,73.84322,334.43,0.32,0.55,2024-10-03,0845,N21,VIIRS,n,2.0NRT,304.75,4.01,D
30.71155,74.06541,367,0.33,0.56,2024-10-03,0845,N21,VIIRS,h,2.0NRT,306.82,5.89,D
30.68896,73.72498,336.36,0.32,0.54,2024-10-03,0845,N21,VIIRS,n,2.0NRT,305.48,3.69,D
30.68061,73.62452,331.78,0.63,0.54,2024-10-03,0845,N21,VIIRS,l,2.0NRT,305.4,4.16,D
30.65016,72.93632,336.38,0.57,0.52,2024-10-03,0845,N21,VIIRS,n,2.0NRT,308.05,5.94,D
30.59836,72.37797,341.77,0.53,0.5,2024-10-03,0845,N21,VIIRS,n,2.0NRT,305.12,3.99,D
30.81887,74.14683,352.78,0.34,0.56,2024-10-03,0845,N21,VIIRS,n,2.0NRT,305.45,5.83,D
30.8056,73.97914,331.71,0.33,0.55,2024-10-03,0845,N21,VIIRS,n,2.0NRT,305.6,2.9,D
30.82401,74.14626,341.28,0.34,0.56,2024-10-03,0845,N21,VIIRS,n,2.0NRT,305.62,2.91,D
31.31971,74.53347,337.77,0.36,0.58,2024-10-03,0848,N21,VIIRS,n,2.0NRT,303.33,4.73,D
31.001,74.23066,347.13,0.34,0.56,2024-10-03,0848,N21,VIIRS,n,2.0NRT,306.34,5.92,D
31.0108,74.15372,330.73,0.34,0.56,2024-10-03,0848,N21,VIIRS,n,2.0NRT,304.81,1.7,D
31.04672,74.3504,331.99,0.35,0.57,2024-10-03,0848,N21,VIIRS,l,2.0NRT,304.59,1.36,D
31.07201,74.27049,367,0.35,0.56,2024-10-03,0848,N21,VIIRS,h,2.0NRT,307.86,10.45,D
31.32035,74.53385,338.3,0.36,0.57,2024-10-03,0848,N21,VIIRS,n,2.0NRT,302.81,4.66,D
31.32874,73.94772,335.62,0.33,0.56,2024-10-03,0848,N21,VIIRS,n,2.0NRT,303.59,2.08,D
35.27029,73.09871,367,0.33,0.55,2024-10-03,0848,N21,VIIRS,h,2.0NRT,304.07,7.1,D
31.42483,73.44423,335.26,0.62,0.54,2024-10-03,0848,N21,VIIRS,n,2.0NRT,305.09,4.53,D
31.46425,72.40384,334.7,0.54,0.51,2024-10-03,0848,N21,VIIRS,n,2.0NRT,305.09,4.62,D
31.46236,72.40249,331.46,0.54,0.51,2024-10-03,0848,N21,VIIRS,n,2.0NRT,305.58,5.42,D
31.69203,73.92989,332.94,0.34,0.56,2024-10-03,0848,N21,VIIRS,n,2.0NRT,305.32,3.42,D
31.78149,74.04728,332.17,0.34,0.56,2024-10-03,0848,N21,VIIRS,l,2.0NRT,303.54,2.68,D
31.7094,73.09156,335.19,0.6,0.53,2024-10-03,0848,N21,VIIRS,l,2.0NRT,305.33,3.01,D
31.70833,73.079,333.56,0.6,0.53,2024-10-03,0848,N21,VIIRS,n,2.0NRT,305.49,5.81,D
31.82168,74.29869,349.58,0.35,0.57,2024-10-03,0848,N21,VIIRS,n,2.0NRT,304.37,6.23,D
31.83386,74.02671,355.2,0.34,0.56,2024-10-03,0848,N21,VIIRS,n,2.0NRT,303.23,14.68,D
31.8336,74.02312,355.71,0.34,0.56,2024-10-03,0848,N21,VIIRS,n,2.0NRT,304.18,15.98,D
31.90827,74.32352,343.13,0.36,0.57,2024-10-03,0848,N21,VIIRS,n,2.0NRT,302.67,4.18,D
31.90276,74.11084,350.27,0.35,0.56,2024-10-03,0848,N21,VIIRS,n,2.0NRT,302.9,5.09,D
31.90795,74.11029,367,0.35,0.56,2024-10-03,0848,N21,VIIRS,h,2.0NRT,303.72,5.09,D
31.91585,74.01064,334.73,0.34,0.56,2024-10-03,0848,N21,VIIRS,n,2.0NRT,304.26,2.54,D
31.91786,74.00999,334.72,0.34,0.56,2024-10-03,0848,N21,VIIRS,n,2.0NRT,304.55,1.88,D
31.88117,73.13301,330.02,0.6,0.53,2024-10-03,0848,N21,VIIRS,l,2.0NRT,304.7,2.55,D
31.94647,73.9057,338.01,0.34,0.56,2024-10-03,0848,N21,VIIRS,n,2.0NRT,302.99,4.79,D
31.96836,73.98997,331.28,0.34,0.56,2024-10-03,0848,N21,VIIRS,l,2.0NRT,304.31,2.09,D
31.69216,70.71725,332.4,0.43,0.46,2024-10-03,0848,N21,VIIRS,n,2.0NRT,306.73,2.84,D
31.69638,70.71666,333.15,0.43,0.46,2024-10-03,0848,N21,VIIRS,n,2.0NRT,307.67,3.73,D
31.83862,70.8073,340.94,0.44,0.46,2024-10-03,0848,N21,VIIRS,n,2.0NRT,306.93,3.22,D
32.31993,75.10744,332.03,0.4,0.6,2024-10-03,0848,N21,VIIRS,n,2.0NRT,301.46,2.48,D
32.417,74.40559,333.73,0.36,0.58,2024-10-03,0848,N21,VIIRS,n,2.0NRT,301.2,4.36,D
32.60808,74.33974,331.04,0.36,0.58,2024-10-03,0848,N21,VIIRS,n,2.0NRT,300.03,1.55,D
35.159,73.17037,343.48,0.33,0.55,2024-10-03,0848,N21,VIIRS,n,2.0NRT,304.2,5.66,D
35.15774,72.93406,367,0.32,0.55,2024-10-03,0848,N21,VIIRS,h,2.0NRT,306.6,7.11,D
35.15791,72.93642,331.62,0.32,0.55,2024-10-03,0848,N21,VIIRS,n,2.0NRT,301.07,7.11,D
30.79838,73.29441,331.66,0.6,0.53,2024-10-03,0848,N21,VIIRS,l,2.0NRT,305.66,4.41,D
30.8012,73.29263,333.67,0.6,0.53,2024-10-03,0848,N21,VIIRS,n,2.0NRT,306.21,6.31,D
30.97894,74.43572,331.11,0.35,0.57,2024-10-03,0848,N21,VIIRS,l,2.0NRT,305.75,2.1,D
30.98825,74.41981,332.81,0.35,0.57,2024-10-03,0848,N21,VIIRS,l,2.0NRT,306.08,4.58,D
30.98796,74.41613,347.89,0.35,0.57,2024-10-03,0848,N21,VIIRS,n,2.0NRT,306.84,4.58,D
30.99465,74.43408,346.57,0.35,0.57,2024-10-03,0848,N21,VIIRS,n,2.0NRT,305.75,4.69,D
30.97803,74.09686,333.74,0.34,0.56,2024-10-03,0848,N21,VIIRS,n,2.0NRT,304.82,2.68,D
30.99496,74.43401,347.99,0.35,0.57,2024-10-03,0848,N21,VIIRS,n,2.0NRT,306.02,5.4,D
30.9805,74.09618,334.63,0.34,0.56,2024-10-03,0848,N21,VIIRS,n,2.0NRT,305.72,3.55,D
31.00127,74.23426,335.81,0.34,0.56,2024-10-03,0848,N21,VIIRS,l,2.0NRT,306.23,5.92,D
32.29178,70.73219,317.88,0.4,0.37,2024-10-03,2110,N21,VIIRS,n,2.0NRT,300.34,2.3,N
35.26929,73.09676,297.11,0.43,0.38,2024-10-03,2110,N21,VIIRS,n,2.0NRT,285.7,1.16,N
35.15567,72.93887,348.6,0.43,0.38,2024-10-03,2110,N21,VIIRS,n,2.0NRT,292.69,13.82,N
35.15644,72.93462,307.11,0.43,0.38,2024-10-03,2110,N21,VIIRS,n,2.0NRT,285.76,1.13,N
35.15293,72.93439,335.64,0.43,0.38,2024-10-03,2110,N21,VIIRS,n,2.0NRT,288.92,5.39,N
33.54727,71.54932,311.35,0.4,0.37,2024-10-03,2110,N21,VIIRS,n,2.0NRT,297.52,1.48,N
32.72143,72.92188,306.49,0.45,0.39,2024-10-03,2110,N21,VIIRS,n,2.0NRT,295.8,1.26,N
32.72578,72.81905,307.21,0.45,0.39,2024-10-03,2110,N21,VIIRS,n,2.0NRT,295.23,1.51,N
32.8881,71.61697,310.1,0.41,0.37,2024-10-03,2110,N21,VIIRS,n,2.0NRT,298.75,2.07,N
30.88858,70.20547,307.99,0.39,0.36,2024-10-03,2110,N21,VIIRS,n,2.0NRT,292.78,0.76,N
31.65186,74.17351,328.86,0.53,0.42,2024-10-03,2110,N21,VIIRS,n,2.0NRT,297.54,3.48,N
31.65214,74.1782,328.23,0.53,0.42,2024-10-03,2110,N21,VIIRS,n,2.0NRT,298.17,4.6,N
30.90577,70.20512,322.13,0.39,0.36,2024-10-03,2110,N21,VIIRS,n,2.0NRT,295.1,1.72,N
30.90178,70.20853,329.56,0.39,0.36,2024-10-03,2110,N21,VIIRS,n,2.0NRT,295.11,2.32,N
30.90108,70.21274,330.86,0.39,0.36,2024-10-03,2110,N21,VIIRS,n,2.0NRT,296.99,2.32,N
30.90247,70.20433,304.2,0.39,0.36,2024-10-03,2110,N21,VIIRS,n,2.0NRT,294.05,1.73,N
30.89779,70.21197,315.02,0.39,0.36,2024-10-03,2110,N21,VIIRS,n,2.0NRT,296.26,2.32,N
30.89449,70.21117,316.69,0.39,0.36,2024-10-03,2110,N21,VIIRS,n,2.0NRT,295.95,1.82,N
30.89188,70.20622,324.68,0.39,0.36,2024-10-03,2110,N21,VIIRS,n,2.0NRT,294.61,1.82,N
35.71433,73.661,307.48,0.44,0.39,2024-10-03,2110,N21,VIIRS,n,2.0NRT,283.51,1.38,N
35.71289,73.66335,307.22,0.44,0.39,2024-10-03,2110,N21,VIIRS,n,2.0NRT,282.64,1.13,N
35.59132,73.64609,301.37,0.44,0.39,2024-10-03,2110,N21,VIIRS,n,2.0NRT,281.82,0.67,N
35.59046,73.65075,295.51,0.44,0.39,2024-10-03,2110,N21,VIIRS,n,2.0NRT,280.84,0.39,N
35.46566,73.69151,320.44,0.45,0.39,2024-10-03,2110,N21,VIIRS,n,2.0NRT,285.35,1.94,N
35.27134,73.1002,310.36,0.43,0.38,2024-10-03,2110,N21,VIIRS,n,2.0NRT,286.68,1.79,N
25.38922,68.58313,307.29,0.39,0.36,2024-10-03,2112,N21,VIIRS,n,2.0NRT,296.96,0.53,N
24.89473,67.00056,308.99,0.38,0.36,2024-10-03,2112,N21,VIIRS,n,2.0NRT,297.06,1.61,N
28.42495,69.70271,310.29,0.4,0.37,2024-10-03,2112,N21,VIIRS,n,2.0NRT,299.12,1.95,N
30.18564,71.54773,314.91,0.43,0.38,2024-10-03,2112,N21,VIIRS,n,2.0NRT,297.58,1.37,N
26.19979,68.72082,309.59,0.39,0.36,2024-10-03,2112,N21,VIIRS,n,2.0NRT,298.28,0.66,N
26.09474,68.88107,322.83,0.39,0.37,2024-10-03,2112,N21,VIIRS,n,2.0NRT,299.16,1.23,N
25.75307,68.75768,308.1,0.39,0.36,2024-10-03,2112,N21,VIIRS,n,2.0NRT,297.89,0.47,N
25.399,68.56519,312.65,0.39,0.36,2024-10-03,2112,N21,VIIRS,n,2.0NRT,296.78,0.72,N
25.14895,68.49758,332.95,0.41,0.37,2024-10-04,0826,N21,VIIRS,n,2.0NRT,304.66,2.91,D
32.5514,74.37213,353.2,0.39,0.44,2024-10-04,0828,N21,VIIRS,n,2.0NRT,303.28,19.7,D
25.38908,68.58374,335.14,0.41,0.37,2024-10-04,0828,N21,VIIRS,n,2.0NRT,306.7,2.88,D
27.34595,68.54347,333.69,0.4,0.37,2024-10-04,0828,N21,VIIRS,l,2.0NRT,308.03,1.77,D
28.81832,71.1583,337.66,0.4,0.37,2024-10-04,0828,N21,VIIRS,l,2.0NRT,312.11,7.85,D
28.73533,70.27824,335.74,0.39,0.36,2024-10-04,0828,N21,VIIRS,n,2.0NRT,307.07,1.61,D
29.14891,71.04534,332.37,0.4,0.37,2024-10-04,0828,N21,VIIRS,l,2.0NRT,307.1,3.89,D
29.20042,70.36504,336.97,0.39,0.36,2024-10-04,0828,N21,VIIRS,n,2.0NRT,308.2,2.66,D
29.636,71.9668,332.66,0.42,0.38,2024-10-04,0828,N21,VIIRS,n,2.0NRT,305.98,2.54,D
29.44008,70.42267,335.63,0.39,0.36,2024-10-04,0828,N21,VIIRS,l,2.0NRT,308.68,3.21,D
29.39903,69.80003,346.52,0.38,0.36,2024-10-04,0828,N21,VIIRS,n,2.0NRT,313.31,3.49,D
29.7429,72.0881,338.87,0.43,0.38,2024-10-04,0828,N21,VIIRS,n,2.0NRT,308.31,3.22,D
29.88758,72.42171,333.68,0.44,0.39,2024-10-04,0828,N21,VIIRS,n,2.0NRT,304.9,3.6,D
29.8858,72.35242,340.06,0.44,0.38,2024-10-04,0828,N21,VIIRS,n,2.0NRT,308.42,8.19,D
29.96324,72.61543,336.08,0.45,0.39,2024-10-04,0828,N21,VIIRS,l,2.0NRT,308.54,11.43,D
30.19906,73.47623,340.54,0.49,0.4,2024-10-04,0828,N21,VIIRS,n,2.0NRT,307.33,6.66,D
30.20277,73.47563,339.58,0.49,0.4,2024-10-04,0828,N21,VIIRS,n,2.0NRT,305.83,6.66,D
30.20081,73.47356,345.84,0.49,0.41,2024-10-04,0828,N21,VIIRS,n,2.0NRT,306.93,13.64,D
30.21679,73.51263,333.83,0.5,0.41,2024-10-04,0828,N21,VIIRS,l,2.0NRT,304.15,5.11,D
30.22361,73.5063,335.37,0.5,0.41,2024-10-04,0828,N21,VIIRS,n,2.0NRT,307.37,10.44,D
30.20183,73.23206,334.08,0.48,0.4,2024-10-04,0828,N21,VIIRS,n,2.0NRT,306.94,5.08,D
30.20123,73.22709,332.52,0.48,0.4,2024-10-04,0828,N21,VIIRS,n,2.0NRT,305.37,4.14,D
30.05232,71.99765,332.32,0.43,0.38,2024-10-04,0828,N21,VIIRS,l,2.0NRT,306.4,8.24,D
30.26055,73.28345,333.37,0.48,0.4,2024-10-04,0828,N21,VIIRS,l,2.0NRT,305.05,4.64,D
30.25992,73.27845,332.26,0.48,0.4,2024-10-04,0828,N21,VIIRS,l,2.0NRT,305.06,2.87,D
30.09858,71.99854,336.53,0.43,0.38,2024-10-04,0828,N21,VIIRS,n,2.0NRT,306.53,2.86,D
30.33151,73.57028,335.19,0.5,0.41,2024-10-04,0828,N21,VIIRS,n,2.0NRT,306.86,3.78,D
30.22001,72.65419,344.4,0.45,0.39,2024-10-04,0828,N21,VIIRS,n,2.0NRT,313.69,28.32,D
30.33657,73.51684,336.64,0.5,0.41,2024-10-04,0828,N21,VIIRS,l,2.0NRT,308.73,13.46,D
30.36631,73.60699,341.72,0.5,0.41,2024-10-04,0828,N21,VIIRS,n,2.0NRT,310.35,6.53,D
30.37005,73.60638,337.9,0.5,0.41,2024-10-04,0828,N21,VIIRS,n,2.0NRT,308.34,6.66,D
30.38937,73.60857,333.61,0.5,0.41,2024-10-04,0828,N21,VIIRS,n,2.0NRT,308.04,2.53,D
30.38747,73.56123,339.28,0.5,0.41,2024-10-04,0828,N21,VIIRS,n,2.0NRT,307.19,17.85,D
30.19851,72.0685,331.5,0.43,0.38,2024-10-04,0828,N21,VIIRS,l,2.0NRT,305.97,1.29,D
30.32805,73.04729,335.26,0.47,0.4,2024-10-04,0828,N21,VIIRS,n,2.0NRT,308.58,6.53,D
30.40559,73.61658,335.76,0.5,0.41,2024-10-04,0828,N21,VIIRS,l,2.0NRT,307.12,8.25,D
30.41492,73.59914,344.97,0.5,0.41,2024-10-04,0828,N21,VIIRS,n,2.0NRT,308.2,9.3,D
30.39091,73.37251,339.04,0.49,0.4,2024-10-04,0828,N21,VIIRS,n,2.0NRT,308.19,4.67,D
30.43067,73.66586,332.98,0.51,0.41,2024-10-04,0828,N21,VIIRS,l,2.0NRT,307.06,3.1,D
30.39586,73.38206,335.97,0.49,0.4,2024-10-04,0828,N21,VIIRS,l,2.0NRT,309.03,4.44,D
30.40821,73.39042,347.3,0.49,0.4,2024-10-04,0828,N21,VIIRS,n,2.0NRT,309.78,18.6,D
30.3979,73.38019,335.27,0.49,0.4,2024-10-04,0828,N21,VIIRS,n,2.0NRT,307.2,3.51,D
30.42459,73.57499,333.97,0.5,0.41,2024-10-04,0828,N21,VIIRS,n,2.0NRT,305.91,3.15,D
30.40651,73.38916,341.98,0.49,0.4,2024-10-04,0828,N21,VIIRS,n,2.0NRT,307.72,8.63,D
30.41021,73.38855,346.48,0.49,0.4,2024-10-04,0828,N21,VIIRS,n,2.0NRT,306.62,8.63,D
30.37671,72.98747,335.27,0.47,0.4,2024-10-04,0828,N21,VIIRS,l,2.0NRT,307.38,4.57,D
30.48311,73.65073,342.62,0.51,0.41,2024-10-04,0828,N21,VIIRS,n,2.0NRT,308.96,11.22,D
30.49171,73.43779,339.42,0.49,0.41,2024-10-04,0828,N21,VIIRS,n,2.0NRT,308.86,16.63,D
30.53387,73.69089,333.8,0.51,0.41,2024-10-04,0828,N21,VIIRS,l,2.0NRT,306.08,4.78,D
30.52179,73.59118,335.2,0.5,0.41,2024-10-04,0828,N21,VIIRS,l,2.0NRT,309.6,7.3,D
30.56454,73.88187,331.39,0.52,0.42,2024-10-04,0828,N21,VIIRS,l,2.0NRT,306.21,3.79,D
30.5261,73.56393,331.86,0.5,0.41,2024-10-04,0828,N21,VIIRS,l,2.0NRT,304.88,1.2,D
30.5158,73.41821,336.2,0.49,0.41,2024-10-04,0828,N21,VIIRS,l,2.0NRT,308.62,5.83,D
30.5195,73.41759,337.13,0.49,0.41,2024-10-04,0828,N21,VIIRS,l,2.0NRT,308.6,5.83,D
30.51755,73.41534,342.14,0.49,0.41,2024-10-04,0828,N21,VIIRS,n,2.0NRT,307.64,12.22,D
30.56843,73.78588,334.08,0.52,0.41,2024-10-04,0828,N21,VIIRS,n,2.0NRT,307.71,2.84,D
30.59291,73.86407,333.76,0.52,0.42,2024-10-04,0828,N21,VIIRS,n,2.0NRT,305.94,2.95,D
30.53675,73.38609,345.97,0.49,0.4,2024-10-04,0828,N21,VIIRS,n,2.0NRT,308.64,7.04,D
30.61239,73.9996,337.5,0.53,0.42,2024-10-04,0828,N21,VIIRS,n,2.0NRT,307.23,7.32,D
30.58362,73.75082,336.12,0.51,0.41,2024-10-04,0828,N21,VIIRS,n,2.0NRT,309.42,6.55,D
30.58299,73.74548,345.61,0.51,0.41,2024-10-04,0828,N21,VIIRS,n,2.0NRT,306.74,6.55,D
30.57683,73.66008,335.26,0.51,0.41,2024-10-04,0828,N21,VIIRS,l,2.0NRT,308.09,4.01,D
30.59495,73.74901,333.62,0.51,0.41,2024-10-04,0828,N21,VIIRS,l,2.0NRT,305.32,3.45,D
30.58439,73.53078,331.18,0.5,0.41,2024-10-04,0828,N21,VIIRS,l,2.0NRT,305.35,5.37,D
30.52705,72.96945,337.48,0.47,0.4,2024-10-04,0828,N21,VIIRS,n,2.0NRT,308.47,8.2,D
30.62257,73.65811,335.7,0.51,0.41,2024-10-04,0828,N21,VIIRS,l,2.0NRT,307.91,4.31,D
30.63963,73.73645,332.94,0.51,0.41,2024-10-04,0828,N21,VIIRS,n,2.0NRT,306.44,4.69,D
30.639,73.73112,332.69,0.51,0.41,2024-10-04,0828,N21,VIIRS,n,2.0NRT,306.49,3.31,D
30.64368,73.57972,344.69,0.5,0.41,2024-10-04,0828,N21,VIIRS,n,2.0NRT,307.03,5.52,D
30.67576,73.81252,334.19,0.52,0.41,2024-10-04,0828,N21,VIIRS,l,2.0NRT,306.64,5,D
30.6449,73.5826,334.23,0.5,0.41,2024-10-04,0828,N21,VIIRS,n,2.0NRT,306.74,3.54,D
30.64429,73.57736,333.74,0.5,0.41,2024-10-04,0828,N21,VIIRS,n,2.0NRT,305.52,3.54,D
30.67507,73.81053,334.39,0.52,0.41,2024-10-04,0828,N21,VIIRS,l,2.0NRT,306.3,5.69,D
30.70521,73.93835,334.88,0.53,0.42,2024-10-04,0828,N21,VIIRS,n,2.0NRT,305.79,5.36,D
30.68222,73.70576,335.26,0.51,0.41,2024-10-04,0828,N21,VIIRS,n,2.0NRT,307.55,1.94,D
30.69097,73.74786,340.83,0.51,0.41,2024-10-04,0828,N21,VIIRS,n,2.0NRT,307.2,6.95,D
30.69475,73.74726,336.15,0.51,0.41,2024-10-04,0828,N21,VIIRS,n,2.0NRT,305.98,3.11,D
30.72365,73.96334,333.14,0.53,0.42,2024-10-04,0828,N21,VIIRS,n,2.0NRT,304.67,5.3,D
30.72178,73.91348,333.23,0.52,0.42,2024-10-04,0828,N21,VIIRS,n,2.0NRT,305.88,3.37,D
30.73891,74.02827,335.98,0.53,0.42,2024-10-04,0828,N21,VIIRS,n,2.0NRT,306.3,7.87,D
30.68426,73.52826,340.09,0.5,0.41,2024-10-04,0828,N21,VIIRS,n,2.0NRT,308.89,6.06,D
30.78514,74.12303,335.99,0.54,0.42,2024-10-04,0828,N21,VIIRS,n,2.0NRT,305.77,3.54,D
30.74777,73.80446,335.61,0.52,0.41,2024-10-04,0828,N21,VIIRS,n,2.0NRT,306.99,4.62,D
30.78115,74.02164,343.52,0.53,0.42,2024-10-04,0828,N21,VIIRS,n,2.0NRT,309.85,15.26,D
30.75024,73.76024,332.49,0.52,0.41,2024-10-04,0828,N21,VIIRS,l,2.0NRT,305.69,2.87,D
29.95401,68.07932,341.91,0.39,0.36,2024-10-04,0828,N21,VIIRS,n,2.0NRT,314.2,1.83,D
30.72573,73.39998,336.31,0.5,0.41,2024-10-04,0828,N21,VIIRS,l,2.0NRT,308.89,5.38,D
30.78916,73.89175,332.21,0.52,0.42,2024-10-04,0828,N21,VIIRS,n,2.0NRT,306.85,3.53,D
30.76843,73.71918,332.07,0.51,0.41,2024-10-04,0828,N21,VIIRS,l,2.0NRT,305.29,3.64,D
30.72429,73.40385,332.85,0.5,0.41,2024-10-04,0828,N21,VIIRS,l,2.0NRT,304.93,4.26,D
30.76457,73.71837,330.64,0.51,0.41,2024-10-04,0828,N21,VIIRS,l,2.0NRT,304.52,2.13,D
30.728,73.40324,333.88,0.5,0.41,2024-10-04,0828,N21,VIIRS,l,2.0NRT,306.17,4.26,D
30.80017,73.8943,332.22,0.52,0.42,2024-10-04,0828,N21,VIIRS,n,2.0NRT,305.15,2.73,D
30.81461,73.98705,338.6,0.53,0.42,2024-10-04,0828,N21,VIIRS,n,2.0NRT,307.37,4.5,D
30.82033,74.00303,344.36,0.53,0.42,2024-10-04,0828,N21,VIIRS,n,2.0NRT,307.83,19.07,D
30.60724,72.04505,336,0.43,0.38,2024-10-04,0828,N21,VIIRS,n,2.0NRT,309.04,3.18,D
30.78678,73.29417,334.32,0.49,0.4,2024-10-04,0828,N21,VIIRS,l,2.0NRT,306.98,4.21,D
30.78796,73.24206,333.82,0.49,0.4,2024-10-04,0828,N21,VIIRS,n,2.0NRT,306.99,2.9,D
30.80977,73.38985,338.34,0.5,0.41,2024-10-04,0828,N21,VIIRS,n,2.0NRT,308.21,6.16,D
30.96651,74.48553,331.69,0.56,0.43,2024-10-04,0828,N21,VIIRS,l,2.0NRT,305.83,4.12,D
30.91059,74.00579,332.16,0.53,0.42,2024-10-04,0828,N21,VIIRS,n,2.0NRT,305.3,3.72,D
30.9661,74.48993,333.17,0.57,0.43,2024-10-04,0828,N21,VIIRS,l,2.0NRT,306.64,4.83,D
30.86946,73.33566,333.25,0.49,0.41,2024-10-04,0828,N21,VIIRS,l,2.0NRT,306.2,5.24,D
31.01141,74.18253,337,0.55,0.42,2024-10-04,0828,N21,VIIRS,n,2.0NRT,304.93,7.16,D
31.06556,74.34187,338.27,0.56,0.43,2024-10-04,0828,N21,VIIRS,n,2.0NRT,306.4,6.3,D
31.06492,74.33606,338.53,0.56,0.43,2024-10-04,0828,N21,VIIRS,n,2.0NRT,305.84,2.03,D
31.06948,74.34127,335.71,0.56,0.43,2024-10-04,0828,N21,VIIRS,n,2.0NRT,306.44,6.85,D
31.08755,74.46964,333.59,0.57,0.43,2024-10-04,0828,N21,VIIRS,l,2.0NRT,305.57,7.89,D
31.08783,73.65107,334.68,0.51,0.41,2024-10-04,0828,N21,VIIRS,n,2.0NRT,304.99,5.23,D
31.08823,73.6553,332.24,0.51,0.41,2024-10-04,0828,N21,VIIRS,l,2.0NRT,304.16,7.55,D
31.24656,74.46296,330.31,0.57,0.43,2024-10-04,0828,N21,VIIRS,n,2.0NRT,303.81,4.04,D
31.3625,74.5378,342,0.38,0.43,2024-10-04,0828,N21,VIIRS,n,2.0NRT,308.32,3.29,D
31.41463,74.58785,354.4,0.39,0.44,2024-10-04,0828,N21,VIIRS,n,2.0NRT,307.48,6.47,D
31.40961,74.42877,333.9,0.57,0.43,2024-10-04,0828,N21,VIIRS,n,2.0NRT,306.68,3.95,D
31.46435,74.59684,336.13,0.39,0.44,2024-10-04,0828,N21,VIIRS,n,2.0NRT,305.09,4.98,D
31.48168,74.60661,367,0.39,0.44,2024-10-04,0828,N21,VIIRS,h,2.0NRT,307.4,11.21,D
31.49278,74.59669,341.7,0.39,0.44,2024-10-04,0828,N21,VIIRS,n,2.0NRT,305.57,4.4,D
31.49233,74.59264,332.16,0.39,0.44,2024-10-04,0828,N21,VIIRS,n,2.0NRT,304.63,4.74,D
31.49678,74.59609,337.08,0.39,0.44,2024-10-04,0828,N21,VIIRS,n,2.0NRT,304.71,4.4,D
31.21688,72.10033,333.18,0.44,0.39,2024-10-04,0828,N21,VIIRS,n,2.0NRT,306.99,2.96,D
31.21747,72.10265,331.63,0.44,0.39,2024-10-04,0828,N21,VIIRS,n,2.0NRT,306.52,3.78,D
31.08131,70.73724,335.6,0.4,0.37,2024-10-04,0828,N21,VIIRS,l,2.0NRT,308.81,2.29,D
31.20455,70.21681,335.43,0.39,0.36,2024-10-04,0828,N21,VIIRS,n,2.0NRT,307.02,2.31,D
31.76645,74.48391,339.54,0.38,0.44,2024-10-04,0828,N21,VIIRS,n,2.0NRT,306.74,4.59,D
31.66724,73.56863,334.19,0.52,0.41,2024-10-04,0828,N21,VIIRS,n,2.0NRT,306.03,2.13,D
31.69692,73.55833,333.62,0.52,0.41,2024-10-04,0828,N21,VIIRS,n,2.0NRT,305.76,4.09,D
31.37416,70.7496,334.82,0.4,0.37,2024-10-04,0828,N21,VIIRS,n,2.0NRT,304.63,2.59,D
31.69068,73.04691,330.4,0.49,0.4,2024-10-04,0828,N21,VIIRS,n,2.0NRT,305.21,1.79,D
31.70358,73.12363,332.69,0.49,0.41,2024-10-04,0828,N21,VIIRS,l,2.0NRT,304.49,2.6,D
31.87626,74.5435,331.36,0.39,0.44,2024-10-04,0828,N21,VIIRS,n,2.0NRT,303.34,1.93,D
31.83764,74.15437,334.59,0.56,0.43,2024-10-04,0828,N21,VIIRS,n,2.0NRT,306.86,5.34,D
31.86385,74.28232,334.5,0.56,0.43,2024-10-04,0828,N21,VIIRS,n,2.0NRT,303.98,6.33,D
31.88697,74.34554,333.14,0.57,0.43,2024-10-04,0828,N21,VIIRS,n,2.0NRT,305.06,6.18,D
31.74806,72.81182,332.51,0.48,0.4,2024-10-04,0828,N21,VIIRS,n,2.0NRT,304.69,6.17,D
31.74746,72.80679,330.19,0.48,0.4,2024-10-04,0828,N21,VIIRS,n,2.0NRT,303.9,5.33,D
31.81593,73.161,343.98,0.5,0.41,2024-10-04,0828,N21,VIIRS,n,2.0NRT,307.09,15.03,D
31.93741,74.01286,333.9,0.55,0.43,2024-10-04,0828,N21,VIIRS,n,2.0NRT,304.59,3.94,D
32.26227,74.83033,334.57,0.41,0.45,2024-10-04,0828,N21,VIIRS,n,2.0NRT,302.33,2.69,D
32.2807,74.73204,330.54,0.4,0.44,2024-10-04,0828,N21,VIIRS,n,2.0NRT,302.16,2.53,D
31.81949,70.85728,334.03,0.41,0.37,2024-10-04,0828,N21,VIIRS,l,2.0NRT,307.15,2,D
32.29182,74.76186,336.92,0.4,0.44,2024-10-04,0828,N21,VIIRS,n,2.0NRT,304,5.86,D
31.93887,70.93743,333.23,0.41,0.37,2024-10-04,0828,N21,VIIRS,l,2.0NRT,305.93,3.15,D
32.3873,74.26201,333.47,0.57,0.43,2024-10-04,0828,N21,VIIRS,n,2.0NRT,302.88,4.74,D
35.15178,72.94989,338.2,0.53,0.42,2024-10-04,0830,N21,VIIRS,n,2.0NRT,295.15,14.76,D
35.15116,72.94429,348.01,0.53,0.42,2024-10-04,0830,N21,VIIRS,n,2.0NRT,299.69,10.54,D
35.15495,72.94341,341.85,0.53,0.42,2024-10-04,0830,N21,VIIRS,n,2.0NRT,304.26,10.54,D
35.15446,72.93906,332.35,0.53,0.42,2024-10-04,0830,N21,VIIRS,n,2.0NRT,296.96,10.54,D
35.15872,72.94233,343.58,0.53,0.42,2024-10-04,0830,N21,VIIRS,n,2.0NRT,294.51,12.12,D
35.46645,73.68612,341.82,0.39,0.44,2024-10-04,0830,N21,VIIRS,n,2.0NRT,304.28,41.04,D
34.17791,73.7353,344.02,0.56,0.43,2024-10-04,0830,N21,VIIRS,n,2.0NRT,309.2,12.4,D
34.96491,73.13588,329.88,0.54,0.42,2024-10-04,0830,N21,VIIRS,n,2.0NRT,300.76,5.65,D
35.56124,74.23397,299.8,0.39,0.36,2024-10-04,2051,N21,VIIRS,n,2.0NRT,281.21,1.01,N
35.72174,73.86578,298.51,0.39,0.36,2024-10-04,2051,N21,VIIRS,n,2.0NRT,281.6,0.76,N
35.79115,73.69411,317.77,0.39,0.36,2024-10-04,2051,N21,VIIRS,n,2.0NRT,282.3,2.34,N
35.71434,73.6606,305.54,0.39,0.36,2024-10-04,2051,N21,VIIRS,n,2.0NRT,281.68,0.96,N
34.96074,73.13259,309.63,0.4,0.37,2024-10-04,2051,N21,VIIRS,n,2.0NRT,278.18,1.34,N
35.27178,73.09699,299.73,0.4,0.37,2024-10-04,2051,N21,VIIRS,n,2.0NRT,284.92,1.54,N
35.27118,73.1012,320.6,0.4,0.37,2024-10-04,2051,N21,VIIRS,n,2.0NRT,286.07,1.54,N
35.4651,73.68939,317.07,0.39,0.36,2024-10-04,2051,N21,VIIRS,n,2.0NRT,285.29,6.77,N
35.46569,73.68528,341.06,0.39,0.36,2024-10-04,2051,N21,VIIRS,n,2.0NRT,290.9,6.77,N
35.57251,73.46316,331.04,0.4,0.37,2024-10-04,2051,N21,VIIRS,n,2.0NRT,285.66,3.22,N
32.72442,72.81736,307.19,0.39,0.36,2024-10-04,2053,N21,VIIRS,n,2.0NRT,295.33,1.04,N
25.05145,67.49382,311.06,0.53,0.42,2024-10-04,2053,N21,VIIRS,n,2.0NRT,298.59,2.87,N
34.96237,71.9596,301.01,0.43,0.38,2024-10-04,2053,N21,VIIRS,n,2.0NRT,288.85,0.65,N
33.90454,71.91618,307.11,0.42,0.38,2024-10-04,2053,N21,VIIRS,n,2.0NRT,294.77,1.22,N
33.68803,72.71369,317.5,0.4,0.37,2024-10-04,2053,N21,VIIRS,n,2.0NRT,295.99,2.05,N
33.34951,70.32788,309.06,0.48,0.4,2024-10-04,2053,N21,VIIRS,n,2.0NRT,290.07,1.19,N
33.34588,70.32722,306.45,0.48,0.4,2024-10-04,2053,N21,VIIRS,n,2.0NRT,290.45,0.9,N
32.7223,72.92228,307.72,0.39,0.36,2024-10-04,2053,N21,VIIRS,n,2.0NRT,295.42,1.11,N
32.88834,71.61559,308.12,0.42,0.38,2024-10-04,2053,N21,VIIRS,n,2.0NRT,297.66,1.57,N
32.57362,72.56393,312.64,0.4,0.37,2024-10-04,2053,N21,VIIRS,n,2.0NRT,298.99,1.78,N
31.65153,74.17589,313.12,0.38,0.36,2024-10-04,2053,N21,VIIRS,n,2.0NRT,297.64,1.56,N
28.42597,69.70068,312.53,0.45,0.39,2024-10-04,2053,N21,VIIRS,n,2.0NRT,298.91,1.37,N
25.40211,68.56548,308.19,0.47,0.4,2024-10-04,2055,N21,VIIRS,n,2.0NRT,296.79,0.66,N
25.28644,68.32468,340.96,0.48,0.48,2024-10-05,0807,N21,VIIRS,n,2.0NRT,303.43,6.14,D
25.90652,69.14005,333.86,0.41,0.45,2024-10-05,0807,N21,VIIRS,n,2.0NRT,305.66,4.22,D
27.95152,69.00178,347.84,0.39,0.44,2024-10-05,0807,N21,VIIRS,n,2.0NRT,305.97,6.09,D
27.943,68.99224,341.51,0.39,0.44,2024-10-05,0807,N21,VIIRS,n,2.0NRT,306.79,5.28,D
27.85826,68.89868,342.01,0.39,0.44,2024-10-05,0807,N21,VIIRS,n,2.0NRT,308.4,6.17,D
26.69421,68.38229,337.34,0.44,0.46,2024-10-05,0807,N21,VIIRS,l,2.0NRT,308.99,3.66,D
26.28717,68.73917,335.91,0.43,0.46,2024-10-05,0807,N21,VIIRS,n,2.0NRT,306.13,2.09,D
25.97731,69.11056,330.8,0.41,0.45,2024-10-05,0807,N21,VIIRS,l,2.0NRT,304.97,3.11,D
25.99851,69.2194,330.57,0.41,0.45,2024-10-05,0807,N21,VIIRS,l,2.0NRT,304.89,2.62,D
25.28329,68.32641,337.74,0.47,0.48,2024-10-05,0807,N21,VIIRS,n,2.0NRT,303.25,7.2,D
25.53481,69.45959,333.09,0.4,0.44,2024-10-05,0807,N21,VIIRS,n,2.0NRT,303.76,2.2,D
25.9407,69.11926,332.71,0.41,0.45,2024-10-05,0807,N21,VIIRS,l,2.0NRT,304.53,4.98,D
25.38936,68.58076,338.03,0.46,0.47,2024-10-05,0807,N21,VIIRS,n,2.0NRT,302.96,4.01,D
30.48388,73.69283,335.03,0.38,0.36,2024-10-05,0809,N21,VIIRS,n,2.0NRT,304.88,3.28,D
30.48327,73.68887,333.02,0.38,0.36,2024-10-05,0809,N21,VIIRS,n,2.0NRT,303.8,3.28,D
30.42738,73.33183,337.49,0.39,0.36,2024-10-05,0809,N21,VIIRS,n,2.0NRT,306.36,16.07,D
30.51104,73.84666,334.54,0.38,0.36,2024-10-05,0809,N21,VIIRS,n,2.0NRT,303.37,10.11,D
30.50622,73.74954,334.29,0.38,0.36,2024-10-05,0809,N21,VIIRS,l,2.0NRT,305.29,3.56,D
30.48408,73.60687,338.76,0.38,0.36,2024-10-05,0809,N21,VIIRS,n,2.0NRT,305.71,6.78,D
30.44521,73.31575,330.98,0.39,0.36,2024-10-05,0809,N21,VIIRS,l,2.0NRT,303.98,2.82,D
30.50604,73.63914,339.03,0.38,0.36,2024-10-05,0809,N21,VIIRS,n,2.0NRT,304.83,5.99,D
30.44578,73.23336,334.25,0.39,0.36,2024-10-05,0809,N21,VIIRS,n,2.0NRT,302.71,3.58,D
30.53222,73.71573,339.95,0.38,0.36,2024-10-05,0809,N21,VIIRS,n,2.0NRT,304.4,3.52,D
30.52607,73.67609,341.06,0.38,0.36,2024-10-05,0809,N21,VIIRS,n,2.0NRT,302.6,3,D
30.56421,73.90134,337.07,0.38,0.36,2024-10-05,0809,N21,VIIRS,n,2.0NRT,303.71,2.96,D
30.53366,73.70316,330.13,0.38,0.36,2024-10-05,0809,N21,VIIRS,l,2.0NRT,303.74,2.3,D
30.52319,73.63577,335.32,0.38,0.36,2024-10-05,0809,N21,VIIRS,n,2.0NRT,304.25,2.7,D
30.53325,73.67869,334.68,0.38,0.36,2024-10-05,0809,N21,VIIRS,n,2.0NRT,303.36,2.7,D
30.56651,73.87225,338.19,0.38,0.36,2024-10-05,0809,N21,VIIRS,n,2.0NRT,303.85,4.21,D
30.52234,73.58681,339.1,0.38,0.36,2024-10-05,0809,N21,VIIRS,n,2.0NRT,307.34,13.41,D
30.57527,73.90725,342.66,0.38,0.36,2024-10-05,0809,N21,VIIRS,n,2.0NRT,302.84,4.17,D
30.53427,73.64165,333.44,0.38,0.36,2024-10-05,0809,N21,VIIRS,n,2.0NRT,302.86,5.19,D
30.50684,73.40146,344.83,0.39,0.36,2024-10-05,0809,N21,VIIRS,n,2.0NRT,305.65,12.44,D
30.60596,74.01961,331.58,0.38,0.36,2024-10-05,0809,N21,VIIRS,n,2.0NRT,304.79,2.04,D
30.55786,73.70634,334.29,0.38,0.36,2024-10-05,0809,N21,VIIRS,n,2.0NRT,302.9,3.51,D
30.57095,73.76908,348.37,0.38,0.36,2024-10-05,0809,N21,VIIRS,n,2.0NRT,304.64,6.37,D
30.56135,73.68514,351.52,0.38,0.36,2024-10-05,0809,N21,VIIRS,n,2.0NRT,307.17,8.51,D
30.54902,73.60583,333.34,0.38,0.36,2024-10-05,0809,N21,VIIRS,n,2.0NRT,302.89,2.03,D
30.61537,73.94813,330.18,0.38,0.36,2024-10-05,0809,N21,VIIRS,n,2.0NRT,305.05,1.7,D
30.58674,73.76173,332.17,0.38,0.36,2024-10-05,0809,N21,VIIRS,n,2.0NRT,301.68,3.26,D
30.57632,73.69432,334.47,0.38,0.36,2024-10-05,0809,N21,VIIRS,n,2.0NRT,304.91,2.46,D
30.59003,73.76105,332.74,0.38,0.36,2024-10-05,0809,N21,VIIRS,n,2.0NRT,302.11,3.26,D
30.58941,73.75709,338.61,0.38,0.36,2024-10-05,0809,N21,VIIRS,n,2.0NRT,303.02,3.26,D
30.5796,73.69364,333.86,0.38,0.36,2024-10-05,0809,N21,VIIRS,n,2.0NRT,303.61,2.46,D
30.58862,73.70815,345.43,0.38,0.36,2024-10-05,0809,N21,VIIRS,n,2.0NRT,304.09,9.46,D
30.633,73.95271,331.17,0.38,0.36,2024-10-05,0809,N21,VIIRS,n,2.0NRT,300.98,1.77,D
30.56734,73.46264,333.47,0.39,0.36,2024-10-05,0809,N21,VIIRS,n,2.0NRT,302.15,3,D
30.64127,73.91827,330.74,0.38,0.36,2024-10-05,0809,N21,VIIRS,n,2.0NRT,301.52,2.05,D
30.62361,73.80323,331.85,0.38,0.36,2024-10-05,0809,N21,VIIRS,l,2.0NRT,303.25,2.54,D
30.66963,74.05984,342.08,0.38,0.36,2024-10-05,0809,N21,VIIRS,n,2.0NRT,303.68,4.02,D
30.49182,72.90122,335.43,0.39,0.36,2024-10-05,0809,N21,VIIRS,n,2.0NRT,303.63,3.76,D
30.62985,73.57706,334.12,0.38,0.36,2024-10-05,0809,N21,VIIRS,n,2.0NRT,300.06,2.58,D
30.68363,73.88129,334.84,0.38,0.36,2024-10-05,0809,N21,VIIRS,n,2.0NRT,302.02,2.7,D
30.669,73.78603,343.44,0.38,0.36,2024-10-05,0809,N21,VIIRS,n,2.0NRT,303.12,3.67,D
30.66739,73.75362,333.88,0.38,0.36,2024-10-05,0809,N21,VIIRS,n,2.0NRT,302.83,2.02,D
30.70233,73.95935,331.1,0.38,0.36,2024-10-05,0809,N21,VIIRS,n,2.0NRT,303.15,2.28,D
30.70172,73.95538,331.74,0.38,0.36,2024-10-05,0809,N21,VIIRS,n,2.0NRT,300.99,2.28,D
30.70379,73.94676,340.54,0.38,0.36,2024-10-05,0809,N21,VIIRS,n,2.0NRT,302.49,4.04,D
30.63838,73.50146,334.26,0.38,0.36,2024-10-05,0809,N21,VIIRS,n,2.0NRT,304.7,2.08,D
30.75878,74.19792,330.51,0.38,0.36,2024-10-05,0809,N21,VIIRS,n,2.0NRT,302.84,2.19,D
30.74437,74.10239,332.82,0.38,0.36,2024-10-05,0809,N21,VIIRS,l,2.0NRT,303.12,8,D
30.72566,73.97916,340.62,0.38,0.36,2024-10-05,0809,N21,VIIRS,n,2.0NRT,300.46,4.12,D
30.69914,73.78391,334.46,0.38,0.36,2024-10-05,0809,N21,VIIRS,n,2.0NRT,304.44,3.7,D
30.73672,73.98509,339.93,0.38,0.36,2024-10-05,0809,N21,VIIRS,n,2.0NRT,299.95,3.98,D
30.70715,73.76997,339.62,0.38,0.36,2024-10-05,0809,N21,VIIRS,n,2.0NRT,303.98,3.83,D
30.74207,73.9758,338.99,0.38,0.36,2024-10-05,0809,N21,VIIRS,n,2.0NRT,302.34,5.06,D
30.71777,73.81693,330.55,0.38,0.36,2024-10-05,0809,N21,VIIRS,l,2.0NRT,301.73,1.87,D
30.72005,73.78778,330.75,0.38,0.36,2024-10-05,0809,N21,VIIRS,l,2.0NRT,301.3,2.49,D
30.77305,74.11297,332.73,0.38,0.36,2024-10-05,0809,N21,VIIRS,n,2.0NRT,300.69,3.84,D
30.69796,73.57926,334.63,0.38,0.36,2024-10-05,0809,N21,VIIRS,n,2.0NRT,303.59,2.03,D
30.74233,73.84464,335.06,0.38,0.36,2024-10-05,0809,N21,VIIRS,n,2.0NRT,303.67,4.19,D
30.76884,73.92933,336.09,0.38,0.36,2024-10-05,0809,N21,VIIRS,n,2.0NRT,303.47,4.28,D
30.80623,74.13084,333.34,0.38,0.36,2024-10-05,0809,N21,VIIRS,n,2.0NRT,302.63,2.87,D
30.7994,74.01415,333.86,0.38,0.36,2024-10-05,0809,N21,VIIRS,n,2.0NRT,302.14,4.73,D
30.7988,74.01018,330.51,0.38,0.36,2024-10-05,0809,N21,VIIRS,l,2.0NRT,301.92,4.73,D
30.76541,73.79159,338.31,0.38,0.36,2024-10-05,0809,N21,VIIRS,n,2.0NRT,303.85,5.68,D
30.76296,73.7757,338.48,0.38,0.36,2024-10-05,0809,N21,VIIRS,n,2.0NRT,302.91,4.14,D
30.76235,73.77173,333.81,0.38,0.36,2024-10-05,0809,N21,VIIRS,n,2.0NRT,300.7,4.14,D
30.75562,73.72803,335.75,0.38,0.36,2024-10-05,0809,N21,VIIRS,n,2.0NRT,303.03,4.44,D
30.45854,71.83956,335.66,0.41,0.37,2024-10-05,0809,N21,VIIRS,n,2.0NRT,300.25,6.95,D
30.45782,71.83536,334.86,0.41,0.37,2024-10-05,0809,N21,VIIRS,n,2.0NRT,302.69,6.95,D
30.80589,73.96772,339.08,0.38,0.36,2024-10-05,0809,N21,VIIRS,n,2.0NRT,300.87,3.72,D
30.78059,73.78025,330.33,0.38,0.36,2024-10-05,0809,N21,VIIRS,n,2.0NRT,300.83,3.55,D
30.76896,73.70477,351.04,0.38,0.36,2024-10-05,0809,N21,VIIRS,n,2.0NRT,305.28,12.4,D
30.78387,73.77957,342.99,0.38,0.36,2024-10-05,0809,N21,VIIRS,n,2.0NRT,302.21,3.55,D
30.79874,73.8544,335.45,0.38,0.36,2024-10-05,0809,N21,VIIRS,n,2.0NRT,302.27,5.02,D
30.79166,73.78616,345.95,0.38,0.36,2024-10-05,0809,N21,VIIRS,n,2.0NRT,303.42,5.65,D
30.80005,73.79673,333.13,0.38,0.36,2024-10-05,0809,N21,VIIRS,n,2.0NRT,302.36,2.49,D
30.77861,73.65766,333.97,0.38,0.36,2024-10-05,0809,N21,VIIRS,n,2.0NRT,301.85,3.18,D
30.82488,73.91461,334.89,0.38,0.36,2024-10-05,0809,N21,VIIRS,n,2.0NRT,302.87,9.42,D
30.82986,73.88078,335.5,0.38,0.36,2024-10-05,0809,N21,VIIRS,n,2.0NRT,300.46,5.66,D
30.80751,73.71318,340.17,0.38,0.36,2024-10-05,0809,N21,VIIRS,n,2.0NRT,302.74,5.79,D
30.58424,72.23445,339.44,0.4,0.37,2024-10-05,0809,N21,VIIRS,n,2.0NRT,306.68,5.67,D
30.88946,74.13948,335.01,0.38,0.36,2024-10-05,0809,N21,VIIRS,n,2.0NRT,302.07,3.12,D
30.84698,73.81575,333.14,0.38,0.36,2024-10-05,0809,N21,VIIRS,n,2.0NRT,300.66,2.43,D
30.94752,74.39111,330.4,0.39,0.36,2024-10-05,0809,N21,VIIRS,l,2.0NRT,302.12,1.6,D
30.59045,72.12602,330.22,0.4,0.37,2024-10-05,0809,N21,VIIRS,n,2.0NRT,301.57,2.62,D
30.90791,74.08231,333.05,0.38,0.36,2024-10-05,0809,N21,VIIRS,n,2.0NRT,299.91,2.12,D
30.88213,73.89053,339.1,0.38,0.36,2024-10-05,0809,N21,VIIRS,n,2.0NRT,302.04,5.3,D
30.96079,74.36414,334.7,0.39,0.36,2024-10-05,0809,N21,VIIRS,n,2.0NRT,304.04,2.32,D
30.97812,74.38953,334.94,0.39,0.36,2024-10-05,0809,N21,VIIRS,l,2.0NRT,305.04,4.66,D
30.86741,73.54919,335.21,0.38,0.36,2024-10-05,0809,N21,VIIRS,n,2.0NRT,299.23,2.85,D
31.00386,74.38023,345.39,0.39,0.36,2024-10-05,0809,N21,VIIRS,n,2.0NRT,305.43,10.99,D
30.9656,74.12439,331.02,0.38,0.36,2024-10-05,0809,N21,VIIRS,n,2.0NRT,303.46,2.47,D
30.99942,74.28213,334.7,0.39,0.36,2024-10-05,0809,N21,VIIRS,n,2.0NRT,303.93,3.04,D
30.99553,74.23348,344.32,0.39,0.36,2024-10-05,0809,N21,VIIRS,n,2.0NRT,304.19,4.58,D
30.89984,73.5835,332.08,0.38,0.36,2024-10-05,0809,N21,VIIRS,n,2.0NRT,300.21,8.87,D
31.0445,74.47128,331.26,0.39,0.36,2024-10-05,0809,N21,VIIRS,l,2.0NRT,305.32,3.11,D
30.8757,73.3418,336.26,0.39,0.36,2024-10-05,0809,N21,VIIRS,n,2.0NRT,301.24,4.67,D
30.8688,73.29794,339.37,0.39,0.36,2024-10-05,0809,N21,VIIRS,n,2.0NRT,301.42,3.45,D
29.93619,68.05354,332.72,0.4,0.44,2024-10-05,0809,N21,VIIRS,n,2.0NRT,306.06,1.62,D
31.04843,74.42913,335.69,0.39,0.36,2024-10-05,0809,N21,VIIRS,n,2.0NRT,304.5,8.06,D
31.04784,74.42512,339.73,0.39,0.36,2024-10-05,0809,N21,VIIRS,n,2.0NRT,306.41,10.86,D
31.05593,74.41109,330.45,0.39,0.36,2024-10-05,0809,N21,VIIRS,l,2.0NRT,304.51,5.36,D
31.03201,74.25082,335.56,0.39,0.36,2024-10-05,0809,N21,VIIRS,n,2.0NRT,301.97,3.68,D
31.06877,74.47469,338.56,0.39,0.36,2024-10-05,0809,N21,VIIRS,n,2.0NRT,301.45,3.91,D
31.10068,74.6218,340.11,0.39,0.36,2024-10-05,0809,N21,VIIRS,n,2.0NRT,306.42,5.95,D
31.09235,74.54079,336.55,0.39,0.36,2024-10-05,0809,N21,VIIRS,n,2.0NRT,304.27,5.74,D
31.09176,74.53676,331.64,0.39,0.36,2024-10-05,0809,N21,VIIRS,l,2.0NRT,304.37,5.74,D
31.03589,74.15976,340.54,0.38,0.36,2024-10-05,0809,N21,VIIRS,n,2.0NRT,306.11,23.64,D
30.4894,70.72737,330.66,0.44,0.39,2024-10-05,0809,N21,VIIRS,l,2.0NRT,304.32,2.58,D
30.73731,71.73844,330.49,0.41,0.37,2024-10-05,0809,N21,VIIRS,n,2.0NRT,303.04,4.24,D
30.73659,71.73421,331.02,0.41,0.37,2024-10-05,0809,N21,VIIRS,n,2.0NRT,301.98,4.68,D
31.15998,74.3781,330.15,0.39,0.36,2024-10-05,0809,N21,VIIRS,l,2.0NRT,303.68,2.74,D
31.17465,74.40826,342.61,0.39,0.36,2024-10-05,0809,N21,VIIRS,n,2.0NRT,304.05,5.11,D
31.14416,73.95341,330.81,0.38,0.36,2024-10-05,0809,N21,VIIRS,l,2.0NRT,302.86,1.59,D
30.95554,72.21011,331.8,0.4,0.37,2024-10-05,0809,N21,VIIRS,l,2.0NRT,304.19,1.99,D
31.33229,74.46119,338.45,0.39,0.36,2024-10-05,0809,N21,VIIRS,n,2.0NRT,307.31,6.25,D
31.34456,74.47536,335,0.39,0.36,2024-10-05,0809,N21,VIIRS,n,2.0NRT,305.04,3.36,D
31.34396,74.47132,333.47,0.39,0.36,2024-10-05,0809,N21,VIIRS,l,2.0NRT,304.25,3.36,D
31.02781,72.31329,343.63,0.4,0.37,2024-10-05,0809,N21,VIIRS,n,2.0NRT,304.03,5.23,D
31.39348,73.35886,335.25,0.38,0.36,2024-10-05,0809,N21,VIIRS,n,2.0NRT,303.01,6.24,D
31.62393,74.52531,332.94,0.39,0.36,2024-10-05,0809,N21,VIIRS,n,2.0NRT,302.03,4.12,D
31.6402,74.49755,335.01,0.39,0.36,2024-10-05,0809,N21,VIIRS,n,2.0NRT,304.1,4.66,D
31.34364,72.44872,341.79,0.39,0.36,2024-10-05,0809,N21,VIIRS,n,2.0NRT,302.78,4.3,D
31.58416,73.86895,331.58,0.38,0.36,2024-10-05,0809,N21,VIIRS,l,2.0NRT,302.26,1.57,D
31.42553,72.63699,330.22,0.39,0.36,2024-10-05,0809,N21,VIIRS,n,2.0NRT,302.99,1.67,D
31.74425,74.46458,343.62,0.39,0.36,2024-10-05,0809,N21,VIIRS,n,2.0NRT,302.93,4.1,D
31.76084,74.41521,332.73,0.39,0.36,2024-10-05,0809,N21,VIIRS,n,2.0NRT,300.89,1.68,D
31.49551,72.64714,344.42,0.39,0.36,2024-10-05,0809,N21,VIIRS,n,2.0NRT,306.72,15.7,D
31.75167,74.1917,341.83,0.39,0.36,2024-10-05,0809,N21,VIIRS,n,2.0NRT,303.12,5.7,D
31.5662,72.98269,342.11,0.39,0.36,2024-10-05,0809,N21,VIIRS,n,2.0NRT,303.18,4.85,D
31.54249,72.83359,335.43,0.39,0.36,2024-10-05,0809,N21,VIIRS,n,2.0NRT,304.54,8.07,D
31.59195,72.95212,333.36,0.39,0.36,2024-10-05,0809,N21,VIIRS,n,2.0NRT,302.02,3.07,D
31.8319,74.50571,343.93,0.39,0.36,2024-10-05,0809,N21,VIIRS,n,2.0NRT,302.25,4.79,D
31.53777,72.59164,336.94,0.39,0.36,2024-10-05,0809,N21,VIIRS,n,2.0NRT,304.77,5.59,D
31.77812,74.02527,330.15,0.39,0.36,2024-10-05,0809,N21,VIIRS,n,2.0NRT,300.3,1.33,D
31.85636,74.46432,335.78,0.39,0.36,2024-10-05,0809,N21,VIIRS,n,2.0NRT,301.42,2.8,D
31.81168,74.15987,335.69,0.39,0.36,2024-10-05,0809,N21,VIIRS,n,2.0NRT,302.44,5.14,D
31.81498,74.15919,334.9,0.39,0.36,2024-10-05,0809,N21,VIIRS,n,2.0NRT,301.82,5.14,D
31.87576,74.52765,334.92,0.39,0.36,2024-10-05,0809,N21,VIIRS,n,2.0NRT,302.75,4.05,D
31.87907,74.52698,338.32,0.39,0.36,2024-10-05,0809,N21,VIIRS,n,2.0NRT,301.19,4.39,D
31.88297,74.53041,340.61,0.39,0.36,2024-10-05,0809,N21,VIIRS,n,2.0NRT,301.1,4.39,D
31.81549,74.02589,336.46,0.39,0.36,2024-10-05,0809,N21,VIIRS,n,2.0NRT,303.16,2.4,D
31.87745,74.42233,331.93,0.39,0.36,2024-10-05,0809,N21,VIIRS,n,2.0NRT,301.66,2.22,D
31.81878,74.02522,341.34,0.39,0.36,2024-10-05,0809,N21,VIIRS,n,2.0NRT,306.31,8.31,D
31.85239,74.15987,332.57,0.39,0.36,2024-10-05,0809,N21,VIIRS,n,2.0NRT,300.64,1.8,D
31.69446,73.03934,330.36,0.39,0.36,2024-10-05,0809,N21,VIIRS,n,2.0NRT,301.08,2.11,D
31.85018,74.03124,340.07,0.39,0.36,2024-10-05,0809,N21,VIIRS,n,2.0NRT,302.49,3.03,D
31.88084,74.19159,330.46,0.39,0.36,2024-10-05,0809,N21,VIIRS,n,2.0NRT,301.21,1.75,D
31.36352,70.9831,334.59,0.43,0.38,2024-10-05,0809,N21,VIIRS,n,2.0NRT,302.99,3.13,D
31.90632,74.34106,336.07,0.39,0.36,2024-10-05,0809,N21,VIIRS,n,2.0NRT,303.26,3.45,D
31.87753,74.14639,330.77,0.39,0.36,2024-10-05,0809,N21,VIIRS,l,2.0NRT,301.46,1.09,D
31.71405,73.05592,332.43,0.39,0.36,2024-10-05,0809,N21,VIIRS,n,2.0NRT,302.1,2.86,D
31.90633,74.29503,331.56,0.39,0.36,2024-10-05,0809,N21,VIIRS,l,2.0NRT,302.26,4.35,D
31.89848,74.15044,333.97,0.39,0.36,2024-10-05,0809,N21,VIIRS,n,2.0NRT,305.13,5.83,D
31.89788,74.14639,332.12,0.39,0.36,2024-10-05,0809,N21,VIIRS,l,2.0NRT,304.39,5.83,D
31.95086,74.41216,332.84,0.39,0.36,2024-10-05,0809,N21,VIIRS,n,2.0NRT,302.52,4.34,D
31.702,72.74171,335.89,0.39,0.36,2024-10-05,0809,N21,VIIRS,n,2.0NRT,301.84,2.31,D
31.99866,74.67239,332.78,0.39,0.36,2024-10-05,0809,N21,VIIRS,n,2.0NRT,302.27,3.84,D
31.89762,73.95942,335.03,0.39,0.36,2024-10-05,0809,N21,VIIRS,n,2.0NRT,303.18,5.97,D
31.91866,74.05499,333.38,0.39,0.36,2024-10-05,0809,N21,VIIRS,n,2.0NRT,302.32,2.48,D
31.64894,72.24712,340.57,0.39,0.36,2024-10-05,0809,N21,VIIRS,n,2.0NRT,303.93,6.32,D
31.64826,72.24303,331.92,0.39,0.36,2024-10-05,0809,N21,VIIRS,n,2.0NRT,300.29,2.9,D
31.93029,74.01927,330.02,0.39,0.36,2024-10-05,0809,N21,VIIRS,n,2.0NRT,303.06,2.63,D
31.92746,73.93246,339.75,0.39,0.36,2024-10-05,0809,N21,VIIRS,n,2.0NRT,302.38,4.44,D
31.85406,73.44972,339.89,0.38,0.36,2024-10-05,0809,N21,VIIRS,n,2.0NRT,302.03,6.62,D
31.80535,73.13625,344.57,0.38,0.36,2024-10-05,0809,N21,VIIRS,n,2.0NRT,303.01,23.26,D
31.86186,73.45637,341.27,0.38,0.36,2024-10-05,0809,N21,VIIRS,n,2.0NRT,302.96,4.98,D
31.93006,73.88211,336.14,0.38,0.36,2024-10-05,0809,N21,VIIRS,n,2.0NRT,302.83,4.77,D
31.73902,72.65393,333.66,0.39,0.36,2024-10-05,0809,N21,VIIRS,n,2.0NRT,301.91,3.25,D
32.068,74.79878,339.39,0.39,0.36,2024-10-05,0809,N21,VIIRS,n,2.0NRT,301.34,4.65,D
31.81217,73.09319,331.77,0.39,0.36,2024-10-05,0809,N21,VIIRS,n,2.0NRT,299.84,1.96,D
31.92834,73.62492,346.62,0.38,0.36,2024-10-05,0809,N21,VIIRS,n,2.0NRT,301.23,5.49,D
32.12722,74.94952,330.29,0.4,0.37,2024-10-05,0809,N21,VIIRS,n,2.0NRT,302.35,2.22,D
32.1295,74.94988,333.1,0.4,0.37,2024-10-05,0809,N21,VIIRS,n,2.0NRT,302.84,2.81,D
31.93655,73.58627,332.11,0.38,0.36,2024-10-05,0809,N21,VIIRS,n,2.0NRT,300.12,3.73,D
31.98979,73.91589,343.59,0.39,0.36,2024-10-05,0809,N21,VIIRS,n,2.0NRT,304.23,12.2,D
31.4593,70.60918,335.77,0.44,0.38,2024-10-05,0809,N21,VIIRS,n,2.0NRT,303.75,2.8,D
32.00699,73.84997,331.09,0.38,0.36,2024-10-05,0809,N21,VIIRS,l,2.0NRT,302.75,2.42,D
32.21237,75.22329,336.66,0.4,0.37,2024-10-05,0809,N21,VIIRS,n,2.0NRT,301.66,3.45,D
32.01356,73.8486,341.82,0.38,0.36,2024-10-05,0809,N21,VIIRS,n,2.0NRT,304.26,6.36,D
32.16303,74.82338,333.12,0.39,0.37,2024-10-05,0809,N21,VIIRS,n,2.0NRT,302.84,2.36,D
32.22581,75.22068,330.91,0.4,0.37,2024-10-05,0809,N21,VIIRS,n,2.0NRT,300.79,1.94,D
32.03897,73.74761,333.4,0.38,0.36,2024-10-05,0809,N21,VIIRS,n,2.0NRT,303.27,5,D
32.04187,73.72205,332.82,0.38,0.36,2024-10-05,0809,N21,VIIRS,n,2.0NRT,301.76,2.2,D
32.09558,73.84927,334.37,0.38,0.36,2024-10-05,0809,N21,VIIRS,n,2.0NRT,303.96,2.85,D
31.59803,70.75099,331.36,0.43,0.38,2024-10-05,0809,N21,VIIRS,n,2.0NRT,301.41,3.07,D
31.60333,70.74042,332.58,0.43,0.38,2024-10-05,0809,N21,VIIRS,n,2.0NRT,301.35,2.69,D
31.59617,70.70016,332.28,0.43,0.38,2024-10-05,0809,N21,VIIRS,n,2.0NRT,302.1,2.77,D
32.25016,74.74341,343.59,0.39,0.36,2024-10-05,0809,N21,VIIRS,n,2.0NRT,305.55,9.04,D
32.13854,73.8195,330.96,0.38,0.36,2024-10-05,0809,N21,VIIRS,n,2.0NRT,301.26,2.16,D
31.63224,70.70087,340.22,0.43,0.38,2024-10-05,0809,N21,VIIRS,n,2.0NRT,303.14,4.96,D
32.24811,74.32851,332.75,0.39,0.36,2024-10-05,0809,N21,VIIRS,n,2.0NRT,302.25,1.66,D
32.14818,73.65919,330.26,0.38,0.36,2024-10-05,0809,N21,VIIRS,l,2.0NRT,301.1,1.64,D
31.66327,70.69341,339.45,0.43,0.38,2024-10-05,0809,N21,VIIRS,n,2.0NRT,302.37,5.41,D
32.18092,73.71528,333.94,0.38,0.36,2024-10-05,0809,N21,VIIRS,n,2.0NRT,302.73,3.31,D
32.18794,73.67213,331.55,0.38,0.36,2024-10-05,0809,N21,VIIRS,n,2.0NRT,300.72,2.37,D
32.18733,73.6681,330.96,0.38,0.36,2024-10-05,0809,N21,VIIRS,l,2.0NRT,302.27,3.66,D
32.37604,74.93807,333.24,0.4,0.37,2024-10-05,0809,N21,VIIRS,n,2.0NRT,301.57,3.1,D
32.36961,74.53297,336.43,0.39,0.36,2024-10-05,0809,N21,VIIRS,n,2.0NRT,302.4,4.93,D
32.28576,73.93958,333.92,0.39,0.36,2024-10-05,0809,N21,VIIRS,n,2.0NRT,301.48,6.12,D
32.27031,73.6302,334.2,0.38,0.36,2024-10-05,0809,N21,VIIRS,n,2.0NRT,304.18,9,D
32.2697,73.62616,342.85,0.38,0.36,2024-10-05,0809,N21,VIIRS,n,2.0NRT,302,7.86,D
31.81277,70.78535,330.48,0.43,0.38,2024-10-05,0809,N21,VIIRS,l,2.0NRT,302.46,3,D
32.36692,74.09508,332.2,0.39,0.36,2024-10-05,0809,N21,VIIRS,n,2.0NRT,302.13,2.68,D
32.41315,73.63052,332.44,0.38,0.36,2024-10-05,0809,N21,VIIRS,n,2.0NRT,301.5,3.48,D
32.41893,73.51236,332.75,0.38,0.36,2024-10-05,0809,N21,VIIRS,n,2.0NRT,301.08,5.56,D
32.46675,73.7613,345.86,0.38,0.36,2024-10-05,0809,N21,VIIRS,n,2.0NRT,302.21,7.99,D
32.5937,74.32042,334.32,0.39,0.36,2024-10-05,0809,N21,VIIRS,n,2.0NRT,303.16,3.19,D
29.6622,71.91444,333.78,0.41,0.37,2024-10-05,0809,N21,VIIRS,l,2.0NRT,308.44,3.16,D
29.79763,72.6843,330.54,0.4,0.37,2024-10-05,0809,N21,VIIRS,l,2.0NRT,305.37,2.48,D
29.82812,72.7075,334.27,0.4,0.37,2024-10-05,0809,N21,VIIRS,l,2.0NRT,306.04,3.35,D
29.64113,71.54786,344.19,0.42,0.38,2024-10-05,0809,N21,VIIRS,n,2.0NRT,308.12,6.65,D
29.48155,70.51587,334.12,0.47,0.39,2024-10-05,0809,N21,VIIRS,n,2.0NRT,305.6,1.64,D
30.09213,73.02631,334.76,0.39,0.36,2024-10-05,0809,N21,VIIRS,n,2.0NRT,304.85,3.64,D
30.09148,73.0223,334.79,0.39,0.36,2024-10-05,0809,N21,VIIRS,n,2.0NRT,305.18,3.64,D
29.98083,72.16721,338.86,0.4,0.37,2024-10-05,0809,N21,VIIRS,n,2.0NRT,305.68,3.02,D
29.90129,71.66115,333.75,0.42,0.38,2024-10-05,0809,N21,VIIRS,n,2.0NRT,302.95,4.86,D
29.9047,71.66039,346.22,0.42,0.38,2024-10-05,0809,N21,VIIRS,n,2.0NRT,304.72,4.86,D
30.09196,72.68975,334.01,0.39,0.37,2024-10-05,0809,N21,VIIRS,n,2.0NRT,302.98,3.16,D
30.19866,73.30901,337.09,0.39,0.36,2024-10-05,0809,N21,VIIRS,n,2.0NRT,307.46,3.69,D
30.20045,73.23467,342.17,0.39,0.36,2024-10-05,0809,N21,VIIRS,n,2.0NRT,304.81,9.84,D
30.20374,73.23398,335.59,0.39,0.36,2024-10-05,0809,N21,VIIRS,n,2.0NRT,302.94,5.03,D
30.14516,72.61974,335.08,0.4,0.37,2024-10-05,0809,N21,VIIRS,l,2.0NRT,305.12,6.73,D
30.14449,72.61569,332.04,0.4,0.37,2024-10-05,0809,N21,VIIRS,l,2.0NRT,304.62,5.37,D
30.22025,72.9954,341.66,0.39,0.36,2024-10-05,0809,N21,VIIRS,n,2.0NRT,303.89,3.04,D
30.26869,73.21214,336.72,0.39,0.36,2024-10-05,0809,N21,VIIRS,n,2.0NRT,303.07,3.37,D
30.29222,73.33872,332.59,0.39,0.36,2024-10-05,0809,N21,VIIRS,n,2.0NRT,302.95,2.09,D
30.3379,73.60761,339.16,0.38,0.36,2024-10-05,0809,N21,VIIRS,n,2.0NRT,306.5,4.98,D
30.33728,73.60365,346.71,0.38,0.36,2024-10-05,0809,N21,VIIRS,n,2.0NRT,305.89,4.98,D
30.33677,73.51374,337.91,0.39,0.36,2024-10-05,0809,N21,VIIRS,n,2.0NRT,305.82,10.33,D
29.97014,71.3045,335.15,0.43,0.38,2024-10-05,0809,N21,VIIRS,n,2.0NRT,302.93,5.19,D
30.42008,73.83167,341.53,0.38,0.36,2024-10-05,0809,N21,VIIRS,n,2.0NRT,304.14,5.45,D
30.34716,73.36402,335.57,0.39,0.36,2024-10-05,0809,N21,VIIRS,n,2.0NRT,303.91,3.37,D
30.40439,73.70827,331.03,0.38,0.36,2024-10-05,0809,N21,VIIRS,l,2.0NRT,304.88,2.41,D
30.43517,73.88574,348.33,0.38,0.36,2024-10-05,0809,N21,VIIRS,n,2.0NRT,307.17,7.88,D
30.42194,73.66476,332.5,0.38,0.36,2024-10-05,0809,N21,VIIRS,n,2.0NRT,301.99,2.49,D
30.44731,73.80664,345.39,0.38,0.36,2024-10-05,0809,N21,VIIRS,n,2.0NRT,305.2,4.88,D
30.4467,73.80268,334.67,0.38,0.36,2024-10-05,0809,N21,VIIRS,n,2.0NRT,304.63,4.88,D
30.32839,73.03134,342.08,0.39,0.36,2024-10-05,0809,N21,VIIRS,n,2.0NRT,305.03,6.12,D
30.3942,73.37978,335.18,0.39,0.36,2024-10-05,0809,N21,VIIRS,n,2.0NRT,305.76,2.35,D
29.81785,70.04121,342.32,0.48,0.4,2024-10-05,0809,N21,VIIRS,n,2.0NRT,305.44,4.83,D
30.47774,73.89436,335.93,0.38,0.36,2024-10-05,0809,N21,VIIRS,l,2.0NRT,306.13,6.64,D
29.82064,70.03588,334.31,0.48,0.4,2024-10-05,0809,N21,VIIRS,n,2.0NRT,302.52,3.38,D
30.46945,73.81843,338.76,0.38,0.36,2024-10-05,0809,N21,VIIRS,n,2.0NRT,303.3,6.12,D
30.44326,73.62763,333.11,0.38,0.36,2024-10-05,0809,N21,VIIRS,n,2.0NRT,304.09,6.26,D
30.38543,73.21731,333.4,0.39,0.36,2024-10-05,0809,N21,VIIRS,n,2.0NRT,302.49,2.77,D
30.4015,73.27563,334.19,0.39,0.36,2024-10-05,0809,N21,VIIRS,n,2.0NRT,303.51,15.71,D
30.48975,73.81834,345.48,0.38,0.36,2024-10-05,0809,N21,VIIRS,n,2.0NRT,305.73,11.57,D
30.49852,73.85332,331.04,0.38,0.36,2024-10-05,0809,N21,VIIRS,l,2.0NRT,303.47,1.85,D
30.43254,73.42918,335.85,0.39,0.36,2024-10-05,0809,N21,VIIRS,n,2.0NRT,306.47,10.09,D
30.39182,73.12939,340.34,0.39,0.36,2024-10-05,0809,N21,VIIRS,n,2.0NRT,303.65,3.86,D
